sample_index,timestamp_utc,elapsed_s,phase,a0_voltage_v,pressure_emulator_bar,a1_voltage_v,flow_emulator_l_min,gpio24_raw_level,estop_active,permit_requested,trip_latched,gpio23_command_high,event
0,2026-09-11T20:22:05.856257+00:00,0.001050,boot_safe,0.000000,0.00000,0.000000,0.00000,LOW,false,false,true,false,estop_closed_reset_required
1,2026-09-11T20:22:05.955384+00:00,0.100321,boot_safe,0.000000,0.00000,0.000000,0.00000,LOW,false,false,true,false,
2,2026-09-11T20:22:06.055345+00:00,0.200278,boot_safe,0.000000,0.00000,0.000000,0.00000,LOW,false,false,true,false,
3,2026-09-11T20:22:06.155311+00:00,0.300269,boot_safe,0.000000,0.00000,0.000000,0.00000,LOW,false,false,true,false,
4,2026-09-11T20:22:06.255314+00:00,0.400271,boot_safe,0.000000,0.00000,0.000000,0.00000,LOW,false,false,true,false,
5,2026-09-11T20:22:06.355324+00:00,0.500272,boot_safe,0.000000,0.00000,0.000000,0.00000,LOW,false,false,true,false,
6,2026-09-11T20:22:06.455308+00:00,0.600271,boot_safe,0.000000,0.00000,0.000000,0.00000,LOW,false,false,true,false,
7,2026-09-11T20:22:06.555296+00:00,0.700266,boot_safe,0.000000,0.00000,0.000000,0.00000,LOW,false,false,true,false,
8,2026-09-11T20:22:06.655239+00:00,0.800259,boot_safe,0.000000,0.00000,0.000000,0.00000,LOW,false,false,true,false,
9,2026-09-11T20:22:06.755140+00:00,0.900204,boot_safe,0.000000,0.00000,0.000000,0.00000,LOW,false,false,true,false,
10,2026-09-11T20:22:06.855095+00:00,1.000181,boot_safe,0.000000,0.00000,0.000000,0.00000,LOW,false,false,true,false,
11,2026-09-11T20:22:06.955101+00:00,1.100184,boot_safe,0.000000,0.00000,0.000000,0.00000,LOW,false,false,true,false,
12,2026-09-11T20:22:07.055100+00:00,1.200180,boot_safe,0.000000,0.00000,0.000000,0.00000,LOW,false,false,true,false,
13,2026-09-11T20:22:07.155108+00:00,1.300179,boot_safe,0.000000,0.00000,0.000000,0.00000,LOW,false,false,true,false,
14,2026-09-11T20:22:07.255099+00:00,1.400180,boot_safe,0.000000,0.00000,0.000000,0.00000,LOW,false,false,true,false,
15,2026-09-11T20:22:07.355285+00:00,1.500275,boot_safe,0.000000,0.00000,0.000000,0.00000,LOW,false,false,true,false,
16,2026-09-11T20:22:07.455184+00:00,1.600230,boot_safe,0.000000,0.00000,0.000000,0.00000,LOW,false,false,true,false,
17,2026-09-11T20:22:07.555116+00:00,1.700191,boot_safe,0.000000,0.00000,0.000000,0.00000,LOW,false,false,true,false,
18,2026-09-11T20:22:07.655142+00:00,1.800202,boot_safe,0.000000,0.00000,0.000000,0.00000,LOW,false,false,true,false,
19,2026-09-11T20:22:07.755117+00:00,1.900189,boot_safe,0.000000,0.00000,0.000000,0.00000,LOW,false,false,true,false,
20,2026-09-11T20:22:07.855133+00:00,2.000198,boot_safe,0.000000,0.00000,0.000000,0.00000,LOW,false,false,true,false,
21,2026-09-11T20:22:07.955102+00:00,2.100183,boot_safe,0.000000,0.00000,0.000000,0.00000,LOW,false,false,true,false,
22,2026-09-11T20:22:08.055102+00:00,2.200182,boot_safe,0.000000,0.00000,0.000000,0.00000,LOW,false,false,true,false,
23,2026-09-11T20:22:08.155085+00:00,2.300176,boot_safe,0.000000,0.00000,0.000000,0.00000,LOW,false,false,true,false,
24,2026-09-11T20:22:08.255101+00:00,2.400179,boot_safe,0.000000,0.00000,0.000000,0.00000,LOW,false,false,true,false,
25,2026-09-11T20:22:08.355086+00:00,2.500175,boot_safe,0.000000,0.00000,0.000000,0.00000,LOW,false,false,true,false,
26,2026-09-11T20:22:08.455093+00:00,2.600177,boot_safe,0.000000,0.00000,0.000000,0.00000,LOW,false,false,true,false,
27,2026-09-11T20:22:08.555095+00:00,2.700176,boot_safe,0.000000,0.00000,0.000000,0.00000,LOW,false,false,true,false,
28,2026-09-11T20:22:08.655103+00:00,2.800178,boot_safe,0.000000,0.00000,0.000000,0.00000,LOW,false,false,true,false,
29,2026-09-11T20:22:08.755092+00:00,2.900176,boot_safe,0.000000,0.00000,0.000000,0.00000,LOW,false,false,true,false,
30,2026-09-11T20:22:08.855088+00:00,3.000173,boot_safe,0.000000,0.00000,0.000000,0.00000,LOW,false,false,true,false,
31,2026-09-11T20:22:08.955081+00:00,3.100170,boot_safe,0.000000,0.00000,0.000000,0.00000,LOW,false,false,true,false,
32,2026-09-11T20:22:09.055093+00:00,3.200174,boot_safe,0.000000,0.00000,0.000000,0.00000,LOW,false,false,true,false,
33,2026-09-11T20:22:09.155103+00:00,3.300183,boot_safe,0.000000,0.00000,0.000000,0.00000,LOW,false,false,true,false,
34,2026-09-11T20:22:09.255102+00:00,3.400182,boot_safe,0.000000,0.00000,0.000000,0.00000,LOW,false,false,true,false,
35,2026-09-11T20:22:09.355086+00:00,3.500174,boot_safe,0.000000,0.00000,0.000000,0.00000,LOW,false,false,true,false,
36,2026-09-11T20:22:09.455086+00:00,3.600172,boot_safe,0.000000,0.00000,0.000000,0.00000,LOW,false,false,true,false,
37,2026-09-11T20:22:09.555093+00:00,3.700179,boot_safe,0.000000,0.00000,0.000000,0.00000,LOW,false,false,true,false,
38,2026-09-11T20:22:09.655086+00:00,3.800172,boot_safe,0.000000,0.00000,0.000000,0.00000,LOW,false,false,true,false,
39,2026-09-11T20:22:09.755085+00:00,3.900172,boot_safe,0.000000,0.00000,0.000000,0.00000,LOW,false,false,true,false,
40,2026-09-11T20:22:09.855085+00:00,4.000172,boot_safe,0.000000,0.00000,0.000000,0.00000,LOW,false,false,true,false,
41,2026-09-11T20:22:09.955582+00:00,4.100509,boot_safe,0.000000,0.00000,0.000000,0.00000,LOW,false,false,false,false,trip_reset_output_safe
42,2026-09-11T20:22:10.055303+00:00,4.200268,boot_safe,0.000000,0.00000,0.000000,0.00000,LOW,false,false,false,false,
43,2026-09-11T20:22:10.155306+00:00,4.300268,boot_safe,0.000000,0.00000,0.000000,0.00000,LOW,false,false,false,false,
44,2026-09-11T20:22:10.255294+00:00,4.400271,boot_safe,0.000000,0.00000,0.000000,0.00000,LOW,false,false,false,false,
45,2026-09-11T20:22:10.355290+00:00,4.500265,boot_safe,0.000000,0.00000,0.000000,0.00000,LOW,false,false,false,false,
46,2026-09-11T20:22:10.455355+00:00,4.600309,boot_safe,0.000000,0.00000,0.000000,0.00000,LOW,false,false,false,false,
47,2026-09-11T20:22:10.555303+00:00,4.700266,boot_safe,0.000000,0.00000,0.000000,0.00000,LOW,false,false,false,false,
48,2026-09-11T20:22:10.655278+00:00,4.800265,boot_safe,0.000000,0.00000,0.000000,0.00000,LOW,false,false,false,false,
49,2026-09-11T20:22:10.755314+00:00,4.900274,boot_safe,0.000000,0.00000,0.000000,0.00000,LOW,false,false,false,false,
50,2026-09-11T20:22:10.856895+00:00,5.000431,boot_safe,0.000000,0.00000,0.000000,0.00000,LOW,false,false,false,false,
51,2026-09-11T20:22:10.956800+00:00,5.100414,boot_safe,0.000000,0.00000,0.000000,0.00000,LOW,false,false,false,false,
52,2026-09-11T20:22:11.056344+00:00,5.200308,boot_safe,0.000000,0.00000,0.000000,0.00000,LOW,false,false,false,false,
53,2026-09-11T20:22:11.156642+00:00,5.300326,boot_safe,0.000000,0.00000,0.000000,0.00000,LOW,false,false,false,false,
54,2026-09-11T20:22:11.256315+00:00,5.400292,boot_safe,0.000000,0.00000,0.000000,0.00000,LOW,false,false,false,false,
55,2026-09-11T20:22:11.356608+00:00,5.500312,boot_safe,0.000000,0.00000,0.000000,0.00000,LOW,false,false,false,false,
56,2026-09-11T20:22:11.456365+00:00,5.600313,boot_safe,0.000000,0.00000,0.000000,0.00000,LOW,false,false,false,false,
57,2026-09-11T20:22:11.556632+00:00,5.700322,boot_safe,0.000000,0.00000,0.000000,0.00000,LOW,false,false,false,false,
58,2026-09-11T20:22:11.656318+00:00,5.800287,boot_safe,0.000000,0.00000,0.000000,0.00000,LOW,false,false,false,false,
59,2026-09-11T20:22:11.756609+00:00,5.900312,boot_safe,0.000000,0.00000,0.000000,0.00000,LOW,false,false,false,false,
60,2026-09-11T20:22:11.856328+00:00,6.000283,boot_safe,0.000000,0.00000,0.000000,0.00000,LOW,false,false,false,false,
61,2026-09-11T20:22:11.956600+00:00,6.100307,boot_safe,0.000000,0.00000,0.000000,0.00000,LOW,false,false,false,false,
62,2026-09-11T20:22:12.056324+00:00,6.200294,boot_safe,0.000000,0.00000,0.000000,0.00000,LOW,false,false,false,false,
63,2026-09-11T20:22:12.156620+00:00,6.300315,boot_safe,0.000000,0.00000,0.000000,0.00000,LOW,false,false,false,false,
64,2026-09-11T20:22:12.256306+00:00,6.400285,boot_safe,0.000000,0.00000,0.000000,0.00000,LOW,false,false,false,false,
65,2026-09-11T20:22:12.356795+00:00,6.500411,boot_safe,0.000000,0.00000,0.000000,0.00000,LOW,false,false,false,false,
66,2026-09-11T20:22:12.456334+00:00,6.600305,boot_safe,0.000000,0.00000,0.000000,0.00000,LOW,false,false,false,false,
67,2026-09-11T20:22:12.556621+00:00,6.700313,boot_safe,0.000000,0.00000,0.000000,0.00000,LOW,false,false,false,false,
68,2026-09-11T20:22:12.656329+00:00,6.800289,boot_safe,0.000000,0.00000,0.000000,0.00000,LOW,false,false,false,false,
69,2026-09-11T20:22:12.756618+00:00,6.900310,boot_safe,0.000000,0.00000,0.000000,0.00000,LOW,false,false,false,false,
70,2026-09-11T20:22:12.856343+00:00,7.000299,boot_safe,0.000000,0.00000,0.000000,0.00000,LOW,false,false,false,false,
71,2026-09-11T20:22:12.956615+00:00,7.100311,boot_safe,0.000000,0.00000,0.000000,0.00000,LOW,false,false,false,false,
72,2026-09-11T20:22:13.056310+00:00,7.200285,boot_safe,0.000000,0.00000,0.000000,0.00000,LOW,false,false,false,false,
73,2026-09-11T20:22:13.156618+00:00,7.300308,boot_safe,0.000000,0.00000,0.000000,0.00000,LOW,false,false,false,false,
74,2026-09-11T20:22:13.256327+00:00,7.400292,boot_safe,0.000000,0.00000,0.000000,0.00000,LOW,false,false,false,false,
75,2026-09-11T20:22:13.356661+00:00,7.500330,boot_safe,0.000000,0.00000,0.000000,0.00000,LOW,false,false,false,false,
76,2026-09-11T20:22:13.456522+00:00,7.600401,boot_safe,0.000000,0.00000,0.000000,0.00000,LOW,false,false,false,false,
77,2026-09-11T20:22:13.556707+00:00,7.700361,boot_safe,0.000000,0.00000,0.000000,0.00000,LOW,false,false,false,false,
78,2026-09-11T20:22:13.656325+00:00,7.800298,boot_safe,0.000000,0.00000,0.000000,0.00000,LOW,false,false,false,false,
79,2026-09-11T20:22:13.756654+00:00,7.900312,boot_safe,0.000000,0.00000,0.000000,0.00000,LOW,false,false,false,false,
80,2026-09-11T20:22:13.856400+00:00,8.000322,boot_safe,0.000000,0.00000,0.000000,0.00000,LOW,false,false,false,false,
81,2026-09-11T20:22:13.956565+00:00,8.100299,boot_safe,0.000000,0.00000,0.000000,0.00000,LOW,false,false,false,false,
82,2026-09-11T20:22:14.056418+00:00,8.200316,boot_safe,0.000000,0.00000,0.000000,0.00000,LOW,false,false,false,false,
83,2026-09-11T20:22:14.156524+00:00,8.300284,boot_safe,0.000000,0.00000,0.000000,0.00000,LOW,false,false,false,false,
84,2026-09-11T20:22:14.256505+00:00,8.400401,boot_safe,0.000000,0.00000,0.000000,0.00000,LOW,false,false,false,false,
85,2026-09-11T20:22:14.356498+00:00,8.500272,boot_safe,0.000000,0.00000,0.000000,0.00000,LOW,false,false,false,false,
86,2026-09-11T20:22:14.456404+00:00,8.600301,boot_safe,0.000000,0.00000,0.000000,0.00000,LOW,false,false,false,false,
87,2026-09-11T20:22:14.556514+00:00,8.700278,boot_safe,0.000000,0.00000,0.000000,0.00000,LOW,false,false,false,false,
88,2026-09-11T20:22:14.656409+00:00,8.800307,boot_safe,0.000000,0.00000,0.000000,0.00000,LOW,false,false,false,false,
89,2026-09-11T20:22:14.756529+00:00,8.900280,boot_safe,0.000000,0.00000,0.000000,0.00000,LOW,false,false,false,false,
90,2026-09-11T20:22:14.856414+00:00,9.000310,boot_safe,0.000000,0.00000,0.000000,0.00000,LOW,false,false,false,false,
91,2026-09-11T20:22:14.956515+00:00,9.100277,boot_safe,0.000000,0.00000,0.000000,0.00000,LOW,false,false,false,false,
92,2026-09-11T20:22:15.056418+00:00,9.200311,boot_safe,0.000000,0.00000,0.000000,0.00000,LOW,false,false,false,false,
93,2026-09-11T20:22:15.156513+00:00,9.300274,boot_safe,0.000000,0.00000,0.000000,0.00000,LOW,false,false,false,false,
94,2026-09-11T20:22:15.256416+00:00,9.400315,boot_safe,0.000000,0.00000,0.000000,0.00000,LOW,false,false,false,false,
95,2026-09-11T20:22:15.356694+00:00,9.500368,boot_safe,0.000000,0.00000,0.000000,0.00000,LOW,false,false,false,false,
96,2026-09-11T20:22:15.456481+00:00,9.600351,boot_safe,0.000000,0.00000,0.000000,0.00000,LOW,false,false,false,false,
97,2026-09-11T20:22:15.556570+00:00,9.700307,boot_safe,0.000000,0.00000,0.000000,0.00000,LOW,false,false,false,false,
98,2026-09-11T20:22:15.656414+00:00,9.800314,boot_safe,0.000000,0.00000,0.000000,0.00000,LOW,false,false,false,false,
99,2026-09-11T20:22:15.756518+00:00,9.900277,boot_safe,0.000000,0.00000,0.000000,0.00000,LOW,false,false,false,false,
100,2026-09-11T20:22:15.856418+00:00,10.000318,boot_safe,0.000000,0.00000,0.000000,0.00000,LOW,false,false,false,false,
101,2026-09-11T20:22:15.956520+00:00,10.100281,boot_safe,0.000000,0.00000,0.000000,0.00000,LOW,false,false,false,false,
102,2026-09-11T20:22:16.056605+00:00,10.200383,boot_safe,0.000000,0.00000,0.000000,0.00000,LOW,false,false,false,false,
103,2026-09-11T20:22:16.156488+00:00,10.300296,boot_safe,0.000000,0.00000,0.000000,0.00000,LOW,false,false,false,false,
104,2026-09-11T20:22:16.256549+00:00,10.400316,boot_safe,0.000000,0.00000,0.000000,0.00000,LOW,false,false,false,false,
105,2026-09-11T20:22:16.356492+00:00,10.500273,boot_safe,0.000000,0.00000,0.000000,0.00000,LOW,false,false,false,false,
106,2026-09-11T20:22:16.456905+00:00,10.600457,boot_safe,0.000000,0.00000,0.000000,0.00000,LOW,false,false,false,false,
107,2026-09-11T20:22:16.556568+00:00,10.700331,boot_safe,0.000000,0.00000,0.000000,0.00000,LOW,false,false,false,false,
108,2026-09-11T20:22:16.656391+00:00,10.800285,boot_safe,0.000000,0.00000,0.000000,0.00000,LOW,false,false,false,false,
109,2026-09-11T20:22:16.756538+00:00,10.900308,boot_safe,0.000000,0.00000,0.000000,0.00000,LOW,false,false,false,false,
110,2026-09-11T20:22:16.856373+00:00,11.000274,boot_safe,0.000000,0.00000,0.000000,0.00000,LOW,false,false,false,false,
111,2026-09-11T20:22:16.956541+00:00,11.100308,boot_safe,0.000000,0.00000,0.000000,0.00000,LOW,false,false,false,false,
112,2026-09-11T20:22:17.056382+00:00,11.200279,boot_safe,0.000000,0.00000,0.000000,0.00000,LOW,false,false,false,false,
113,2026-09-11T20:22:17.156528+00:00,11.300304,boot_safe,0.000000,0.00000,0.000000,0.00000,LOW,false,false,false,false,
114,2026-09-11T20:22:17.256397+00:00,11.400285,boot_safe,0.000000,0.00000,0.000000,0.00000,LOW,false,false,false,false,
115,2026-09-11T20:22:17.356572+00:00,11.500324,boot_safe,0.000000,0.00000,0.000000,0.00000,LOW,false,false,false,false,
116,2026-09-11T20:22:17.456381+00:00,11.600283,boot_safe,0.000000,0.00000,0.000000,0.00000,LOW,false,false,false,false,
117,2026-09-11T20:22:17.556531+00:00,11.700301,boot_safe,0.000000,0.00000,0.000000,0.00000,LOW,false,false,false,false,
118,2026-09-11T20:22:17.656368+00:00,11.800276,boot_safe,0.000000,0.00000,0.000000,0.00000,LOW,false,false,false,false,
119,2026-09-11T20:22:17.756534+00:00,11.900309,boot_safe,0.000000,0.00000,0.000000,0.00000,LOW,false,false,false,false,
120,2026-09-11T20:22:17.856388+00:00,12.000282,boot_safe,0.000000,0.00000,0.000000,0.00000,LOW,false,false,false,false,
121,2026-09-11T20:22:17.956530+00:00,12.100306,boot_safe,0.000000,0.00000,0.000000,0.00000,LOW,false,false,false,false,
122,2026-09-11T20:22:18.056363+00:00,12.200275,boot_safe,0.000000,0.00000,0.000000,0.00000,LOW,false,false,false,false,
123,2026-09-11T20:22:18.156536+00:00,12.300299,boot_safe,0.000000,0.00000,0.000000,0.00000,LOW,false,false,false,false,
124,2026-09-11T20:22:18.256376+00:00,12.400276,boot_safe,0.000000,0.00000,0.000000,0.00000,LOW,false,false,false,false,
125,2026-09-11T20:22:18.356540+00:00,12.500309,boot_safe,0.000000,0.00000,0.000000,0.00000,LOW,false,false,false,false,
126,2026-09-11T20:22:18.456379+00:00,12.600277,boot_safe,0.000000,0.00000,0.000000,0.00000,LOW,false,false,false,false,
127,2026-09-11T20:22:18.556606+00:00,12.700303,boot_safe,0.000000,0.00000,0.000000,0.00000,LOW,false,false,false,false,
128,2026-09-11T20:22:18.656375+00:00,12.800277,boot_safe,0.000000,0.00000,0.000000,0.00000,LOW,false,false,false,false,
129,2026-09-11T20:22:18.756696+00:00,12.900311,boot_safe,0.000000,0.00000,0.000000,0.00000,LOW,false,false,false,false,
130,2026-09-11T20:22:18.856302+00:00,13.000283,boot_safe,0.000000,0.00000,0.000000,0.00000,LOW,false,false,false,false,
131,2026-09-11T20:22:18.956615+00:00,13.100311,boot_safe,0.000000,0.00000,0.000000,0.00000,LOW,false,false,false,false,
132,2026-09-11T20:22:19.056295+00:00,13.200280,boot_safe,0.000000,0.00000,0.000000,0.00000,LOW,false,false,false,false,
133,2026-09-11T20:22:19.156615+00:00,13.300309,boot_safe,0.000000,0.00000,0.000000,0.00000,LOW,false,false,false,false,
134,2026-09-11T20:22:19.256319+00:00,13.400289,boot_safe,0.000000,0.00000,0.000000,0.00000,LOW,false,false,false,false,
135,2026-09-11T20:22:19.356649+00:00,13.500318,boot_safe,0.000000,0.00000,0.000000,0.00000,LOW,false,false,false,false,
136,2026-09-11T20:22:19.456417+00:00,13.600338,boot_safe,0.000000,0.00000,0.000000,0.00000,LOW,false,false,false,false,
137,2026-09-11T20:22:19.556775+00:00,13.700340,boot_safe,0.000000,0.00000,0.000000,0.00000,LOW,false,false,false,false,
138,2026-09-11T20:22:19.656507+00:00,13.800404,boot_safe,0.000000,0.00000,0.000000,0.00000,LOW,false,false,false,false,
139,2026-09-11T20:22:19.756654+00:00,13.900340,boot_safe,0.000000,0.00000,0.000000,0.00000,LOW,false,false,false,false,
140,2026-09-11T20:22:19.856328+00:00,14.000296,boot_safe,0.000000,0.00000,0.000000,0.00000,LOW,false,false,false,false,
141,2026-09-11T20:22:19.956625+00:00,14.100314,boot_safe,0.000000,0.00000,0.000000,0.00000,LOW,false,false,false,false,
142,2026-09-11T20:22:20.056364+00:00,14.200305,boot_safe,0.000000,0.00000,0.000000,0.00000,LOW,false,false,false,false,
143,2026-09-11T20:22:20.156670+00:00,14.300340,boot_safe,0.000000,0.00000,0.000000,0.00000,LOW,false,false,false,false,
144,2026-09-11T20:22:20.256318+00:00,14.400290,boot_safe,0.000000,0.00000,0.000000,0.00000,LOW,false,false,false,false,
145,2026-09-11T20:22:20.356631+00:00,14.500318,boot_safe,0.000000,0.00000,0.000000,0.00000,LOW,false,false,false,false,
146,2026-09-11T20:22:20.456304+00:00,14.600280,boot_safe,0.000000,0.00000,0.000000,0.00000,LOW,false,false,false,false,
147,2026-09-11T20:22:20.556609+00:00,14.700306,boot_safe,0.000000,0.00000,0.000000,0.00000,LOW,false,false,false,false,
148,2026-09-11T20:22:20.656303+00:00,14.800279,boot_safe,0.000000,0.00000,0.000000,0.00000,LOW,false,false,false,false,
149,2026-09-11T20:22:20.756625+00:00,14.900315,boot_safe,0.000000,0.00000,0.000000,0.00000,LOW,false,false,false,false,
150,2026-09-11T20:22:20.856308+00:00,15.000281,boot_safe,0.000000,0.00000,0.000000,0.00000,LOW,false,false,false,false,
151,2026-09-11T20:22:20.956608+00:00,15.100308,boot_safe,0.000000,0.00000,0.000000,0.00000,LOW,false,false,false,false,
152,2026-09-11T20:22:21.056313+00:00,15.200285,boot_safe,0.000000,0.00000,0.000000,0.00000,LOW,false,false,false,false,
153,2026-09-11T20:22:21.156753+00:00,15.300384,boot_safe,0.000000,0.00000,0.000000,0.00000,LOW,false,false,false,false,
154,2026-09-11T20:22:21.256319+00:00,15.400294,boot_safe,0.000000,0.00000,0.000000,0.00000,LOW,false,false,false,false,
155,2026-09-11T20:22:21.356617+00:00,15.500315,boot_safe,0.000000,0.00000,0.000000,0.00000,LOW,false,false,false,false,
156,2026-09-11T20:22:21.456333+00:00,15.600290,boot_safe,0.000000,0.00000,0.000000,0.00000,LOW,false,false,false,false,
157,2026-09-11T20:22:21.556621+00:00,15.700317,boot_safe,0.000000,0.00000,0.000000,0.00000,LOW,false,false,false,false,
158,2026-09-11T20:22:21.656303+00:00,15.800282,boot_safe,0.000000,0.00000,0.000000,0.00000,LOW,false,false,false,false,
159,2026-09-11T20:22:21.756601+00:00,15.900308,boot_safe,0.000000,0.00000,0.000000,0.00000,LOW,false,false,false,false,
160,2026-09-11T20:22:21.856301+00:00,16.000277,boot_safe,0.000000,0.00000,0.000000,0.00000,LOW,false,false,false,false,
161,2026-09-11T20:22:21.956618+00:00,16.100309,boot_safe,0.000000,0.00000,0.000000,0.00000,LOW,false,false,false,false,
162,2026-09-11T20:22:22.056314+00:00,16.200286,boot_safe,0.000000,0.00000,0.000000,0.00000,LOW,false,false,false,false,
163,2026-09-11T20:22:22.156613+00:00,16.300307,boot_safe,0.000000,0.00000,0.000000,0.00000,LOW,false,false,false,false,
164,2026-09-11T20:22:22.256304+00:00,16.400279,boot_safe,0.000000,0.00000,0.000000,0.00000,LOW,false,false,false,false,
165,2026-09-11T20:22:22.356609+00:00,16.500304,boot_safe,0.000000,0.00000,0.000000,0.00000,LOW,false,false,false,false,
166,2026-09-11T20:22:22.456521+00:00,16.600408,boot_safe,0.000000,0.00000,0.000000,0.00000,LOW,false,false,false,false,
167,2026-09-11T20:22:22.556633+00:00,16.700328,boot_safe,0.000000,0.00000,0.000000,0.00000,LOW,false,false,false,false,
168,2026-09-11T20:22:22.656307+00:00,16.800285,boot_safe,0.000000,0.00000,0.000000,0.00000,LOW,false,false,false,false,
169,2026-09-11T20:22:22.756610+00:00,16.900305,boot_safe,0.000000,0.00000,0.000000,0.00000,LOW,false,false,false,false,
170,2026-09-11T20:22:22.856318+00:00,17.000288,boot_safe,0.000000,0.00000,0.000000,0.00000,LOW,false,false,false,false,
171,2026-09-11T20:22:22.956616+00:00,17.100309,boot_safe,0.000000,0.00000,0.000000,0.00000,LOW,false,false,false,false,
172,2026-09-11T20:22:23.056319+00:00,17.200280,boot_safe,0.000000,0.00000,0.000000,0.00000,LOW,false,false,false,false,
173,2026-09-11T20:22:23.156620+00:00,17.300311,boot_safe,0.000000,0.00000,0.000000,0.00000,LOW,false,false,false,false,
174,2026-09-11T20:22:23.256310+00:00,17.400283,boot_safe,0.000000,0.00000,0.000000,0.00000,LOW,false,false,false,false,
175,2026-09-11T20:22:23.356624+00:00,17.500315,boot_safe,0.000000,0.00000,0.000000,0.00000,LOW,false,false,false,false,
176,2026-09-11T20:22:23.456408+00:00,17.600323,boot_safe,0.000000,0.00000,0.000000,0.00000,LOW,false,false,false,false,
177,2026-09-11T20:22:23.556621+00:00,17.700318,boot_safe,0.000000,0.00000,0.000000,0.00000,LOW,false,false,false,false,
178,2026-09-11T20:22:23.656303+00:00,17.800284,boot_safe,0.000000,0.00000,0.000000,0.00000,LOW,false,false,false,false,
179,2026-09-11T20:22:23.756609+00:00,17.900309,boot_safe,0.000000,0.00000,0.000000,0.00000,LOW,false,false,false,false,
180,2026-09-11T20:22:23.856311+00:00,18.000282,boot_safe,0.000000,0.00000,0.000000,0.00000,LOW,false,false,false,false,
181,2026-09-11T20:22:23.956601+00:00,18.100306,boot_safe,0.000000,0.00000,0.000000,0.00000,LOW,false,false,false,false,
182,2026-09-11T20:22:24.056305+00:00,18.200281,boot_safe,0.000000,0.00000,0.000000,0.00000,LOW,false,false,false,false,
183,2026-09-11T20:22:24.156614+00:00,18.300311,boot_safe,0.000000,0.00000,0.000000,0.00000,LOW,false,false,false,false,
184,2026-09-11T20:22:24.256297+00:00,18.400281,boot_safe,0.000000,0.00000,0.000000,0.00000,LOW,false,false,false,false,
185,2026-09-11T20:22:24.356619+00:00,18.500311,boot_safe,0.000000,0.00000,0.000000,0.00000,LOW,false,false,false,false,
186,2026-09-11T20:22:24.456309+00:00,18.600283,boot_safe,0.000000,0.00000,0.000000,0.00000,LOW,false,false,false,false,
187,2026-09-11T20:22:24.556606+00:00,18.700307,boot_safe,0.000000,0.00000,0.000000,0.00000,LOW,false,false,false,false,
188,2026-09-11T20:22:24.656292+00:00,18.800275,boot_safe,0.000000,0.00000,0.000000,0.00000,LOW,false,false,false,false,
189,2026-09-11T20:22:24.756534+00:00,18.900419,boot_safe,0.000000,0.00000,0.000000,0.00000,LOW,false,false,false,false,
190,2026-09-11T20:22:24.856644+00:00,19.000333,boot_safe,0.000000,0.00000,0.000000,0.00000,LOW,false,false,false,false,
191,2026-09-11T20:22:24.956319+00:00,19.100287,boot_safe,0.000000,0.00000,0.000000,0.00000,LOW,false,false,false,false,
192,2026-09-11T20:22:25.056623+00:00,19.200313,boot_safe,0.000000,0.00000,0.000000,0.00000,LOW,false,false,false,false,
193,2026-09-11T20:22:25.156329+00:00,19.300291,boot_safe,0.000000,0.00000,0.000000,0.00000,LOW,false,false,false,false,
194,2026-09-11T20:22:25.256718+00:00,19.400313,boot_safe,0.000000,0.00000,0.000000,0.00000,LOW,false,false,false,false,
195,2026-09-11T20:22:25.356355+00:00,19.500321,boot_safe,0.000000,0.00000,0.000000,0.00000,LOW,false,false,false,false,
196,2026-09-11T20:22:25.456632+00:00,19.600318,boot_safe,0.000000,0.00000,0.000000,0.00000,LOW,false,false,false,false,
197,2026-09-11T20:22:25.556511+00:00,19.700399,boot_safe,0.000000,0.00000,0.000000,0.00000,LOW,false,false,false,false,
198,2026-09-11T20:22:25.656645+00:00,19.800334,boot_safe,0.000000,0.00000,0.000000,0.00000,LOW,false,false,false,false,
199,2026-09-11T20:22:25.756322+00:00,19.900282,boot_safe,0.000000,0.00000,0.000000,0.00000,LOW,false,false,false,false,
200,2026-09-11T20:22:25.856639+00:00,20.000323,boot_safe,0.000000,0.00000,0.000000,0.00000,LOW,false,false,false,false,
201,2026-09-11T20:22:25.956313+00:00,20.100288,boot_safe,0.000000,0.00000,0.000000,0.00000,LOW,false,false,false,false,
202,2026-09-11T20:22:26.056662+00:00,20.200327,boot_safe,0.000000,0.00000,0.000000,0.00000,LOW,false,false,false,false,
203,2026-09-11T20:22:26.156309+00:00,20.300282,boot_safe,0.000000,0.00000,0.000000,0.00000,LOW,false,false,false,false,
204,2026-09-11T20:22:26.256783+00:00,20.400398,boot_safe,0.000000,0.00000,0.000000,0.00000,LOW,false,false,false,false,
205,2026-09-11T20:22:26.356332+00:00,20.500299,boot_safe,0.000000,0.00000,0.000000,0.00000,LOW,false,false,false,false,
206,2026-09-11T20:22:26.456637+00:00,20.600323,boot_safe,0.000000,0.00000,0.000000,0.00000,LOW,false,false,false,false,
207,2026-09-11T20:22:26.556605+00:00,20.700307,boot_safe,0.000000,0.00000,0.000000,0.00000,LOW,false,false,false,false,
208,2026-09-11T20:22:26.656309+00:00,20.800282,boot_safe,0.000000,0.00000,0.000000,0.00000,LOW,false,false,false,false,
209,2026-09-11T20:22:26.756611+00:00,20.900305,boot_safe,0.000000,0.00000,0.000000,0.00000,LOW,false,false,false,false,
210,2026-09-11T20:22:26.856318+00:00,21.000283,boot_safe,0.000000,0.00000,-0.002000,-0.01212,LOW,false,false,false,false,
211,2026-09-11T20:22:26.956618+00:00,21.100308,boot_safe,0.000000,0.00000,0.000000,0.00000,LOW,false,false,false,false,
212,2026-09-11T20:22:27.056311+00:00,21.200286,boot_safe,0.000000,0.00000,0.000000,0.00000,LOW,false,false,false,false,
213,2026-09-11T20:22:27.156618+00:00,21.300311,boot_safe,0.000000,0.00000,0.000000,0.00000,LOW,false,false,false,false,
214,2026-09-11T20:22:27.256309+00:00,21.400286,boot_safe,0.000000,0.00000,0.000000,0.00000,LOW,false,false,false,false,
215,2026-09-11T20:22:27.356661+00:00,21.500331,boot_safe,0.000000,0.00000,0.000000,0.00000,LOW,false,false,false,false,
216,2026-09-11T20:22:27.456394+00:00,21.600315,boot_safe,0.000000,0.00000,0.000000,0.00000,LOW,false,false,false,false,
217,2026-09-11T20:22:27.556629+00:00,21.700320,boot_safe,0.000000,0.00000,0.000000,0.00000,LOW,false,false,false,false,
218,2026-09-11T20:22:27.656310+00:00,21.800284,boot_safe,0.000000,0.00000,0.000000,0.00000,LOW,false,false,false,false,
219,2026-09-11T20:22:27.756608+00:00,21.900309,boot_safe,0.000000,0.00000,0.000000,0.00000,LOW,false,false,false,false,
220,2026-09-11T20:22:27.856300+00:00,22.000280,boot_safe,0.000000,0.00000,0.000000,0.00000,LOW,false,false,false,false,
221,2026-09-11T20:22:27.956622+00:00,22.100310,boot_safe,0.000000,0.00000,0.000000,0.00000,LOW,false,false,false,false,
222,2026-09-11T20:22:28.056306+00:00,22.200286,boot_safe,0.000000,0.00000,0.000000,0.00000,LOW,false,false,false,false,
223,2026-09-11T20:22:28.156616+00:00,22.300307,boot_safe,0.000000,0.00000,0.000000,0.00000,LOW,false,false,false,false,
224,2026-09-11T20:22:28.256320+00:00,22.400288,boot_safe,0.000000,0.00000,0.000000,0.00000,LOW,false,false,false,false,
225,2026-09-11T20:22:28.356622+00:00,22.500311,boot_safe,0.000000,0.00000,0.000000,0.00000,LOW,false,false,false,false,
226,2026-09-11T20:22:28.456517+00:00,22.600404,boot_safe,0.000000,0.00000,0.000000,0.00000,LOW,false,false,false,false,
227,2026-09-11T20:22:28.556633+00:00,22.700330,boot_safe,0.000000,0.00000,0.000000,0.00000,LOW,false,false,false,false,
228,2026-09-11T20:22:28.656319+00:00,22.800291,boot_safe,0.000000,0.00000,0.000000,0.00000,LOW,false,false,false,false,
229,2026-09-11T20:22:28.756614+00:00,22.900307,boot_safe,0.000000,0.00000,0.000000,0.00000,LOW,false,false,false,false,
230,2026-09-11T20:22:28.856307+00:00,23.000283,boot_safe,0.000000,0.00000,0.000000,0.00000,LOW,false,false,false,false,
231,2026-09-11T20:22:28.956619+00:00,23.100310,boot_safe,0.000000,0.00000,0.000000,0.00000,LOW,false,false,false,false,
232,2026-09-11T20:22:29.056308+00:00,23.200281,boot_safe,0.000000,0.00000,0.000000,0.00000,LOW,false,false,false,false,
233,2026-09-11T20:22:29.156613+00:00,23.300307,boot_safe,0.000000,0.00000,0.000000,0.00000,LOW,false,false,false,false,
234,2026-09-11T20:22:29.256327+00:00,23.400289,boot_safe,0.000000,0.00000,0.000000,0.00000,LOW,false,false,false,false,
235,2026-09-11T20:22:29.356622+00:00,23.500310,boot_safe,0.000000,0.00000,0.000000,0.00000,LOW,false,false,false,false,
236,2026-09-11T20:22:29.456317+00:00,23.600286,boot_safe,0.000000,0.00000,0.000000,0.00000,LOW,false,false,false,false,
237,2026-09-11T20:22:29.556640+00:00,23.700321,boot_safe,0.000000,0.00000,0.000000,0.00000,LOW,false,false,false,false,
238,2026-09-11T20:22:29.656301+00:00,23.800282,boot_safe,0.000000,0.00000,0.000000,0.00000,LOW,false,false,false,false,
239,2026-09-11T20:22:29.756607+00:00,23.900306,boot_safe,0.000000,0.00000,0.000000,0.00000,LOW,false,false,false,false,
240,2026-09-11T20:22:29.856304+00:00,24.000275,boot_safe,0.000000,0.00000,0.000000,0.00000,LOW,false,false,false,false,
241,2026-09-11T20:22:29.956624+00:00,24.100316,boot_safe,0.000000,0.00000,0.000000,0.00000,LOW,false,false,false,false,
242,2026-09-11T20:22:30.056310+00:00,24.200281,boot_safe,0.000000,0.00000,0.000000,0.00000,LOW,false,false,false,false,
243,2026-09-11T20:22:30.156617+00:00,24.300307,boot_safe,0.000000,0.00000,0.000000,0.00000,LOW,false,false,false,false,
244,2026-09-11T20:22:30.256331+00:00,24.400289,boot_safe,0.000000,0.00000,0.000000,0.00000,LOW,false,false,false,false,
245,2026-09-11T20:22:30.356644+00:00,24.500318,boot_safe,0.000000,0.00000,0.000000,0.00000,LOW,false,false,false,false,
246,2026-09-11T20:22:30.456422+00:00,24.600346,boot_safe,0.000000,0.00000,0.000000,0.00000,LOW,false,false,false,false,
247,2026-09-11T20:22:30.556637+00:00,24.700327,boot_safe,0.000000,0.00000,0.000000,0.00000,LOW,false,false,false,false,
248,2026-09-11T20:22:30.656327+00:00,24.800293,boot_safe,0.000000,0.00000,0.000000,0.00000,LOW,false,false,false,false,
249,2026-09-11T20:22:30.756615+00:00,24.900310,boot_safe,0.000000,0.00000,0.000000,0.00000,LOW,false,false,false,false,
250,2026-09-11T20:22:30.856304+00:00,25.000283,boot_safe,0.000000,0.00000,0.000000,0.00000,LOW,false,false,false,false,
251,2026-09-11T20:22:30.956631+00:00,25.100307,boot_safe,0.000000,0.00000,0.000000,0.00000,LOW,false,false,false,false,
252,2026-09-11T20:22:31.056308+00:00,25.200283,boot_safe,0.000000,0.00000,0.000000,0.00000,LOW,false,false,false,false,
253,2026-09-11T20:22:31.156608+00:00,25.300305,boot_safe,0.000000,0.00000,0.000000,0.00000,LOW,false,false,false,false,
254,2026-09-11T20:22:31.256314+00:00,25.400283,boot_safe,0.000000,0.00000,0.000000,0.00000,LOW,false,false,false,false,
255,2026-09-11T20:22:31.356761+00:00,25.500388,boot_safe,0.000000,0.00000,0.000000,0.00000,LOW,false,false,false,false,
256,2026-09-11T20:22:31.456512+00:00,25.600368,boot_safe,0.000000,0.00000,0.000000,0.00000,LOW,false,false,false,false,
257,2026-09-11T20:22:31.556695+00:00,25.700361,boot_safe,0.000000,0.00000,0.000000,0.00000,LOW,false,false,false,false,
258,2026-09-11T20:22:31.656343+00:00,25.800298,boot_safe,0.000000,0.00000,0.000000,0.00000,LOW,false,false,false,false,
259,2026-09-11T20:22:31.756677+00:00,25.900337,boot_safe,0.000000,0.00000,0.000000,0.00000,LOW,false,false,false,false,
260,2026-09-11T20:22:31.856351+00:00,26.000311,boot_safe,0.000000,0.00000,0.000000,0.00000,LOW,false,false,false,false,
261,2026-09-11T20:22:31.956609+00:00,26.100313,boot_safe,0.000000,0.00000,0.000000,0.00000,LOW,false,false,false,false,
262,2026-09-11T20:22:32.056323+00:00,26.200290,boot_safe,0.000000,0.00000,0.000000,0.00000,LOW,false,false,false,false,
263,2026-09-11T20:22:32.156600+00:00,26.300304,boot_safe,0.000000,0.00000,0.000000,0.00000,LOW,false,false,false,false,
264,2026-09-11T20:22:32.256318+00:00,26.400286,boot_safe,0.000000,0.00000,0.000000,0.00000,LOW,false,false,false,false,
265,2026-09-11T20:22:32.356619+00:00,26.500312,boot_safe,0.000000,0.00000,0.000000,0.00000,LOW,false,false,false,false,
266,2026-09-11T20:22:32.456341+00:00,26.600313,boot_safe,0.000000,0.00000,0.000000,0.00000,LOW,false,false,false,false,
267,2026-09-11T20:22:32.556618+00:00,26.700309,boot_safe,0.000000,0.00000,0.000000,0.00000,LOW,false,false,false,false,
268,2026-09-11T20:22:32.656410+00:00,26.800314,boot_safe,0.000000,0.00000,0.000000,0.00000,LOW,false,false,false,false,
269,2026-09-11T20:22:32.756576+00:00,26.900279,boot_safe,0.000000,0.00000,0.000000,0.00000,LOW,false,false,false,false,
270,2026-09-11T20:22:32.856409+00:00,27.000305,boot_safe,0.000000,0.00000,0.000000,0.00000,LOW,false,false,false,false,
271,2026-09-11T20:22:32.956611+00:00,27.100366,boot_safe,0.000000,0.00000,0.000000,0.00000,LOW,false,false,false,false,
272,2026-09-11T20:22:33.056492+00:00,27.200396,boot_safe,0.000000,0.00000,0.000000,0.00000,LOW,false,false,false,false,
273,2026-09-11T20:22:33.156501+00:00,27.300271,boot_safe,0.000000,0.00000,0.000000,0.00000,LOW,false,false,false,false,
274,2026-09-11T20:22:33.256410+00:00,27.400307,boot_safe,0.000000,0.00000,0.000000,0.00000,LOW,false,false,false,false,
275,2026-09-11T20:22:33.356545+00:00,27.500285,boot_safe,0.000000,0.00000,0.000000,0.00000,LOW,false,false,false,false,
276,2026-09-11T20:22:33.456416+00:00,27.600309,boot_safe,0.000000,0.00000,0.000000,0.00000,LOW,false,false,false,false,
277,2026-09-11T20:22:33.556524+00:00,27.700278,boot_safe,0.000000,0.00000,0.000000,0.00000,LOW,false,false,false,false,
278,2026-09-11T20:22:33.656416+00:00,27.800310,boot_safe,0.000000,0.00000,0.000000,0.00000,LOW,false,false,false,false,
279,2026-09-11T20:22:33.756519+00:00,27.900273,boot_safe,0.000000,0.00000,0.000000,0.00000,LOW,false,false,false,false,
280,2026-09-11T20:22:33.856404+00:00,28.000299,boot_safe,0.000000,0.00000,0.000000,0.00000,LOW,false,false,false,false,
281,2026-09-11T20:22:33.956520+00:00,28.100268,boot_safe,0.000000,0.00000,0.000000,0.00000,LOW,false,false,false,false,
282,2026-09-11T20:22:34.056420+00:00,28.200303,boot_safe,0.000000,0.00000,0.000000,0.00000,LOW,false,false,false,false,
283,2026-09-11T20:22:34.156524+00:00,28.300282,boot_safe,0.000000,0.00000,0.000000,0.00000,LOW,false,false,false,false,
284,2026-09-11T20:22:34.256410+00:00,28.400305,boot_safe,0.000000,0.00000,0.000000,0.00000,LOW,false,false,false,false,
285,2026-09-11T20:22:34.356527+00:00,28.500281,boot_safe,0.000000,0.00000,0.000000,0.00000,LOW,false,false,false,false,
286,2026-09-11T20:22:34.456623+00:00,28.600431,boot_safe,0.000000,0.00000,0.000000,0.00000,LOW,false,false,false,false,
287,2026-09-11T20:22:34.556565+00:00,28.700299,boot_safe,0.000000,0.00000,0.000000,0.00000,LOW,false,false,false,false,
288,2026-09-11T20:22:34.656407+00:00,28.800307,boot_safe,0.000000,0.00000,0.000000,0.00000,LOW,false,false,false,false,
289,2026-09-11T20:22:34.756519+00:00,28.900279,boot_safe,0.000000,0.00000,0.000000,0.00000,LOW,false,false,false,false,
290,2026-09-11T20:22:34.856407+00:00,29.000305,boot_safe,0.000000,0.00000,0.000000,0.00000,LOW,false,false,false,false,
291,2026-09-11T20:22:34.956532+00:00,29.100272,boot_safe,0.000000,0.00000,0.000000,0.00000,LOW,false,false,false,false,
292,2026-09-11T20:22:35.056423+00:00,29.200311,boot_safe,0.000000,0.00000,0.000000,0.00000,LOW,false,false,false,false,
293,2026-09-11T20:22:35.156514+00:00,29.300279,boot_safe,0.000000,0.00000,0.000000,0.00000,LOW,false,false,false,false,
294,2026-09-11T20:22:35.256420+00:00,29.400303,boot_safe,0.000000,0.00000,0.000000,0.00000,LOW,false,false,false,false,
295,2026-09-11T20:22:35.356573+00:00,29.500271,boot_safe,0.000000,0.00000,0.000000,0.00000,LOW,false,false,false,false,
296,2026-09-11T20:22:35.456705+00:00,29.600354,boot_safe,0.000000,0.00000,0.000000,0.00000,LOW,false,false,false,false,
297,2026-09-11T20:22:35.556549+00:00,29.700329,boot_safe,0.000000,0.00000,0.000000,0.00000,LOW,false,false,false,false,
298,2026-09-11T20:22:35.656485+00:00,29.800282,boot_safe,0.000000,0.00000,0.000000,0.00000,LOW,false,false,false,false,
299,2026-09-11T20:22:35.756535+00:00,29.900312,boot_safe,0.000000,0.00000,0.000000,0.00000,LOW,false,false,false,false,
300,2026-09-11T20:22:35.856396+00:00,30.000278,boot_safe,0.000000,0.00000,0.000000,0.00000,LOW,false,false,false,false,
301,2026-09-11T20:22:35.956624+00:00,30.100306,boot_safe,0.000000,0.00000,0.000000,0.00000,LOW,false,false,false,false,
302,2026-09-11T20:22:36.056444+00:00,30.200307,boot_safe,0.000000,0.00000,0.000000,0.00000,LOW,false,false,false,false,
303,2026-09-11T20:22:36.156636+00:00,30.300312,boot_safe,0.000000,0.00000,0.000000,0.00000,LOW,false,false,false,false,
304,2026-09-11T20:22:36.256381+00:00,30.400278,boot_safe,0.000000,0.00000,0.000000,0.00000,LOW,false,false,false,false,
305,2026-09-11T20:22:36.356536+00:00,30.500317,boot_safe,0.000000,0.00000,0.000000,0.00000,LOW,false,false,false,false,
306,2026-09-11T20:22:36.456554+00:00,30.600342,boot_safe,0.000000,0.00000,0.000000,0.00000,LOW,false,false,false,false,
307,2026-09-11T20:22:36.556573+00:00,30.700335,boot_safe,0.000000,0.00000,0.000000,0.00000,LOW,false,false,false,false,
308,2026-09-11T20:22:36.656379+00:00,30.800284,boot_safe,0.000000,0.00000,0.000000,0.00000,LOW,false,false,false,false,
309,2026-09-11T20:22:36.756549+00:00,30.900315,boot_safe,0.000000,0.00000,0.000000,0.00000,LOW,false,false,false,false,
310,2026-09-11T20:22:36.856370+00:00,31.000278,boot_safe,0.000000,0.00000,0.000000,0.00000,LOW,false,false,false,false,
311,2026-09-11T20:22:36.956520+00:00,31.100301,boot_safe,0.000000,0.00000,0.000000,0.00000,LOW,false,false,false,false,
312,2026-09-11T20:22:37.056363+00:00,31.200269,boot_safe,0.000000,0.00000,0.000000,0.00000,LOW,false,false,false,false,
313,2026-09-11T20:22:37.156522+00:00,31.300304,boot_safe,0.000000,0.00000,0.000000,0.00000,LOW,false,false,false,false,
314,2026-09-11T20:22:37.256364+00:00,31.400272,boot_safe,0.000000,0.00000,0.000000,0.00000,LOW,false,false,false,false,
315,2026-09-11T20:22:37.356553+00:00,31.500315,boot_safe,0.000000,0.00000,0.000000,0.00000,LOW,false,false,false,false,
316,2026-09-11T20:22:37.456497+00:00,31.600332,boot_safe,0.000000,0.00000,0.000000,0.00000,LOW,false,false,false,false,
317,2026-09-11T20:22:37.556548+00:00,31.700322,boot_safe,0.000000,0.00000,0.000000,0.00000,LOW,false,false,false,false,
318,2026-09-11T20:22:37.656391+00:00,31.800279,boot_safe,0.000000,0.00000,0.000000,0.00000,LOW,false,false,false,false,
319,2026-09-11T20:22:37.756587+00:00,31.900333,boot_safe,0.000000,0.00000,0.000000,0.00000,LOW,false,false,false,false,
320,2026-09-11T20:22:37.856387+00:00,32.000284,boot_safe,0.000000,0.00000,0.000000,0.00000,LOW,false,false,false,false,
321,2026-09-11T20:22:37.956608+00:00,32.100303,boot_safe,0.000000,0.00000,0.000000,0.00000,LOW,false,false,false,false,
322,2026-09-11T20:22:38.056517+00:00,32.200276,boot_safe,0.000000,0.00000,0.000000,0.00000,LOW,false,false,false,false,
323,2026-09-11T20:22:38.156549+00:00,32.300361,boot_safe,0.000000,0.00000,0.000000,0.00000,LOW,false,false,false,false,
324,2026-09-11T20:22:38.256639+00:00,32.400333,boot_safe,0.000000,0.00000,0.000000,0.00000,LOW,false,false,false,false,
325,2026-09-11T20:22:38.356365+00:00,32.500283,boot_safe,0.000000,0.00000,0.000000,0.00000,LOW,false,false,false,false,
326,2026-09-11T20:22:38.456616+00:00,32.600308,boot_safe,0.000000,0.00000,0.000000,0.00000,LOW,false,false,false,false,
327,2026-09-11T20:22:38.556343+00:00,32.700303,boot_safe,0.000000,0.00000,0.000000,0.00000,LOW,false,false,false,false,
328,2026-09-11T20:22:38.656621+00:00,32.800313,boot_safe,0.000000,0.00000,0.000000,0.00000,LOW,false,false,false,false,
329,2026-09-11T20:22:38.756313+00:00,32.900280,boot_safe,0.000000,0.00000,0.000000,0.00000,LOW,false,false,false,false,
330,2026-09-11T20:22:38.856620+00:00,33.000312,boot_safe,0.000000,0.00000,0.000000,0.00000,LOW,false,false,false,false,
331,2026-09-11T20:22:38.956298+00:00,33.100278,boot_safe,0.000000,0.00000,0.000000,0.00000,LOW,false,false,false,false,
332,2026-09-11T20:22:39.056616+00:00,33.200312,boot_safe,0.000000,0.00000,0.000000,0.00000,LOW,false,false,false,false,
333,2026-09-11T20:22:39.156419+00:00,33.300336,boot_safe,0.000000,0.00000,0.000000,0.00000,LOW,false,false,false,false,
334,2026-09-11T20:22:39.256723+00:00,33.400370,boot_safe,0.000000,0.00000,0.000000,0.00000,LOW,false,false,false,false,
335,2026-09-11T20:22:39.356312+00:00,33.500293,boot_safe,0.000000,0.00000,0.000000,0.00000,LOW,false,false,false,false,
336,2026-09-11T20:22:39.456682+00:00,33.600342,boot_safe,0.000000,0.00000,0.000000,0.00000,LOW,false,false,false,false,
337,2026-09-11T20:22:39.556319+00:00,33.700289,boot_safe,0.000000,0.00000,0.000000,0.00000,LOW,false,false,false,false,
338,2026-09-11T20:22:39.656614+00:00,33.800307,boot_safe,0.000000,0.00000,0.000000,0.00000,LOW,false,false,false,false,
339,2026-09-11T20:22:39.756328+00:00,33.900290,boot_safe,0.000000,0.00000,0.000000,0.00000,LOW,false,false,false,false,
340,2026-09-11T20:22:39.856620+00:00,34.000312,boot_safe,0.000000,0.00000,0.000000,0.00000,LOW,false,false,false,false,
341,2026-09-11T20:22:39.956300+00:00,34.100278,boot_safe,0.000000,0.00000,0.000000,0.00000,LOW,false,false,false,false,
342,2026-09-11T20:22:40.056615+00:00,34.200304,boot_safe,0.000000,0.00000,0.000000,0.00000,LOW,false,false,false,false,
343,2026-09-11T20:22:40.156298+00:00,34.300279,boot_safe,0.000000,0.00000,0.000000,0.00000,LOW,false,false,false,false,
344,2026-09-11T20:22:40.256626+00:00,34.400312,boot_safe,0.000000,0.00000,0.000000,0.00000,LOW,false,false,false,false,
345,2026-09-11T20:22:40.356324+00:00,34.500286,boot_safe,0.000000,0.00000,0.000000,0.00000,LOW,false,false,false,false,
346,2026-09-11T20:22:40.456862+00:00,34.600466,boot_safe,0.000000,0.00000,0.000000,0.00000,LOW,false,false,false,false,
347,2026-09-11T20:22:40.556324+00:00,34.700302,boot_safe,0.000000,0.00000,0.000000,0.00000,LOW,false,false,false,false,
348,2026-09-11T20:22:40.656765+00:00,34.800396,boot_safe,0.000000,0.00000,0.000000,0.00000,LOW,false,false,false,false,
349,2026-09-11T20:22:40.756332+00:00,34.900301,boot_safe,0.000000,0.00000,0.000000,0.00000,LOW,false,false,false,false,
350,2026-09-11T20:22:40.856660+00:00,35.000335,boot_safe,0.000000,0.00000,0.000000,0.00000,LOW,false,false,false,false,
351,2026-09-11T20:22:40.956598+00:00,35.100307,boot_safe,0.000000,0.00000,0.000000,0.00000,LOW,false,false,false,false,
352,2026-09-11T20:22:41.056304+00:00,35.200280,boot_safe,0.000000,0.00000,0.000000,0.00000,LOW,false,false,false,false,
353,2026-09-11T20:22:41.156602+00:00,35.300303,boot_safe,0.000000,0.00000,0.000000,0.00000,LOW,false,false,false,false,
354,2026-09-11T20:22:41.256314+00:00,35.400285,boot_safe,0.000000,0.00000,0.000000,0.00000,LOW,false,false,false,false,
355,2026-09-11T20:22:41.356607+00:00,35.500306,boot_safe,0.000000,0.00000,0.000000,0.00000,LOW,false,false,false,false,
356,2026-09-11T20:22:41.456318+00:00,35.600280,boot_safe,0.000000,0.00000,0.000000,0.00000,LOW,false,false,false,false,
357,2026-09-11T20:22:41.556793+00:00,35.700401,boot_safe,0.000000,0.00000,0.000000,0.00000,LOW,false,false,false,false,
358,2026-09-11T20:22:41.656626+00:00,35.800320,boot_safe,0.000000,0.00000,0.000000,0.00000,LOW,false,false,false,false,
359,2026-09-11T20:22:41.756324+00:00,35.900289,boot_safe,0.000000,0.00000,0.000000,0.00000,LOW,false,false,false,false,
360,2026-09-11T20:22:41.856643+00:00,36.000316,boot_safe,0.000000,0.00000,0.000000,0.00000,LOW,false,false,false,false,
361,2026-09-11T20:22:41.956307+00:00,36.100279,boot_safe,0.000000,0.00000,0.000000,0.00000,LOW,false,false,false,false,
362,2026-09-11T20:22:42.056847+00:00,36.200443,boot_safe,0.000000,0.00000,0.000000,0.00000,LOW,false,false,false,false,
363,2026-09-11T20:22:42.156328+00:00,36.300298,boot_safe,0.000000,0.00000,0.000000,0.00000,LOW,false,false,false,false,
364,2026-09-11T20:22:42.256625+00:00,36.400313,boot_safe,0.000000,0.00000,0.000000,0.00000,LOW,false,false,false,false,
365,2026-09-11T20:22:42.356315+00:00,36.500281,boot_safe,0.000000,0.00000,0.000000,0.00000,LOW,false,false,false,false,
366,2026-09-11T20:22:42.456615+00:00,36.600307,boot_safe,0.000000,0.00000,0.000000,0.00000,LOW,false,false,false,false,
367,2026-09-11T20:22:42.556320+00:00,36.700283,boot_safe,0.000000,0.00000,0.000000,0.00000,LOW,false,false,false,false,
368,2026-09-11T20:22:42.656616+00:00,36.800306,boot_safe,0.000000,0.00000,0.000000,0.00000,LOW,false,false,false,false,
369,2026-09-11T20:22:42.756318+00:00,36.900286,boot_safe,0.000000,0.00000,0.000000,0.00000,LOW,false,false,false,false,
370,2026-09-11T20:22:42.856614+00:00,37.000309,boot_safe,0.000000,0.00000,0.000000,0.00000,LOW,false,false,false,false,
371,2026-09-11T20:22:42.956321+00:00,37.100286,boot_safe,0.000000,0.00000,0.000000,0.00000,LOW,false,false,false,false,
372,2026-09-11T20:22:43.056624+00:00,37.200310,boot_safe,0.000000,0.00000,0.000000,0.00000,LOW,false,false,false,false,
373,2026-09-11T20:22:43.156329+00:00,37.300292,boot_safe,0.000000,0.00000,0.000000,0.00000,LOW,false,false,false,false,
374,2026-09-11T20:22:43.256616+00:00,37.400305,boot_safe,0.000000,0.00000,0.000000,0.00000,LOW,false,false,false,false,
375,2026-09-11T20:22:43.356307+00:00,37.500280,boot_safe,0.000000,0.00000,0.000000,0.00000,LOW,false,false,false,false,
376,2026-09-11T20:22:43.456681+00:00,37.600341,boot_safe,0.000000,0.00000,0.000000,0.00000,LOW,false,false,false,false,
377,2026-09-11T20:22:43.556519+00:00,37.700379,boot_safe,0.000000,0.00000,0.000000,0.00000,LOW,false,false,false,false,
378,2026-09-11T20:22:43.656671+00:00,37.800350,boot_safe,0.000000,0.00000,0.000000,0.00000,LOW,false,false,false,false,
379,2026-09-11T20:22:43.756334+00:00,37.900290,boot_safe,0.000000,0.00000,0.000000,0.00000,LOW,false,false,false,false,
380,2026-09-11T20:22:43.856660+00:00,38.000338,boot_safe,0.000000,0.00000,0.000000,0.00000,LOW,false,false,false,false,
381,2026-09-11T20:22:43.956321+00:00,38.100292,boot_safe,0.000000,0.00000,0.000000,0.00000,LOW,false,false,false,false,
382,2026-09-11T20:22:44.056655+00:00,38.200330,boot_safe,0.000000,0.00000,0.000000,0.00000,LOW,false,false,false,false,
383,2026-09-11T20:22:44.156310+00:00,38.300285,boot_safe,0.000000,0.00000,0.000000,0.00000,LOW,false,false,false,false,
384,2026-09-11T20:22:44.256781+00:00,38.400405,boot_safe,0.000000,0.00000,0.000000,0.00000,LOW,false,false,false,false,
385,2026-09-11T20:22:44.356413+00:00,38.500319,boot_safe,0.000000,0.00000,0.000000,0.00000,LOW,false,false,false,false,
386,2026-09-11T20:22:44.456649+00:00,38.600331,boot_safe,0.000000,0.00000,0.000000,0.00000,LOW,false,false,false,false,
387,2026-09-11T20:22:44.556308+00:00,38.700282,boot_safe,0.000000,0.00000,0.000000,0.00000,LOW,false,false,false,false,
388,2026-09-11T20:22:44.656621+00:00,38.800312,boot_safe,0.000000,0.00000,0.000000,0.00000,LOW,false,false,false,false,
389,2026-09-11T20:22:44.756306+00:00,38.900278,boot_safe,0.000000,0.00000,0.000000,0.00000,LOW,false,false,false,false,
390,2026-09-11T20:22:44.856616+00:00,39.000308,boot_safe,0.000000,0.00000,0.000000,0.00000,LOW,false,false,false,false,
391,2026-09-11T20:22:44.956328+00:00,39.100285,boot_safe,0.000000,0.00000,0.000000,0.00000,LOW,false,false,false,false,
392,2026-09-11T20:22:45.056611+00:00,39.200307,boot_safe,0.000000,0.00000,0.000000,0.00000,LOW,false,false,false,false,
393,2026-09-11T20:22:45.156324+00:00,39.300287,boot_safe,0.000000,0.00000,0.000000,0.00000,LOW,false,false,false,false,
394,2026-09-11T20:22:45.256612+00:00,39.400307,boot_safe,0.000000,0.00000,0.000000,0.00000,LOW,false,false,false,false,
395,2026-09-11T20:22:45.356310+00:00,39.500278,boot_safe,0.000000,0.00000,0.000000,0.00000,LOW,false,false,false,false,
396,2026-09-11T20:22:45.456612+00:00,39.600306,boot_safe,0.000000,0.00000,0.000000,0.00000,LOW,false,false,false,false,
397,2026-09-11T20:22:45.556302+00:00,39.700279,boot_safe,0.000000,0.00000,0.000000,0.00000,LOW,false,false,false,false,
398,2026-09-11T20:22:45.656600+00:00,39.800305,boot_safe,0.000000,0.00000,0.000000,0.00000,LOW,false,false,false,false,
399,2026-09-11T20:22:45.756324+00:00,39.900286,boot_safe,0.000000,0.00000,0.000000,0.00000,LOW,false,false,false,false,
400,2026-09-11T20:22:45.856614+00:00,40.000309,boot_safe,0.000000,0.00000,0.000000,0.00000,LOW,false,false,false,false,
401,2026-09-11T20:22:45.956318+00:00,40.100284,boot_safe,0.000000,0.00000,0.000000,0.00000,LOW,false,false,false,false,
402,2026-09-11T20:22:46.056598+00:00,40.200303,boot_safe,0.000000,0.00000,0.000000,0.00000,LOW,false,false,false,false,
403,2026-09-11T20:22:46.156295+00:00,40.300278,boot_safe,0.000000,0.00000,0.000000,0.00000,LOW,false,false,false,false,
404,2026-09-11T20:22:46.256660+00:00,40.400330,boot_safe,0.000000,0.00000,0.000000,0.00000,LOW,false,false,false,false,
405,2026-09-11T20:22:46.356607+00:00,40.500306,boot_safe,0.000000,0.00000,0.000000,0.00000,LOW,false,false,false,false,
406,2026-09-11T20:22:46.456544+00:00,40.600424,boot_safe,0.000000,0.00000,0.000000,0.00000,LOW,false,false,false,false,
407,2026-09-11T20:22:46.556651+00:00,40.700338,boot_safe,0.000000,0.00000,0.000000,0.00000,LOW,false,false,false,false,
408,2026-09-11T20:22:46.656756+00:00,40.800383,boot_safe,0.000000,0.00000,0.000000,0.00000,LOW,false,false,false,false,
409,2026-09-11T20:22:46.756335+00:00,40.900303,boot_safe,0.000000,0.00000,0.000000,0.00000,LOW,false,false,false,false,
410,2026-09-11T20:22:46.856623+00:00,41.000319,boot_safe,0.000000,0.00000,0.000000,0.00000,LOW,false,false,false,false,
411,2026-09-11T20:22:46.956322+00:00,41.100287,boot_safe,0.000000,0.00000,0.000000,0.00000,LOW,false,false,false,false,
412,2026-09-11T20:22:47.056603+00:00,41.200305,boot_safe,0.000000,0.00000,0.000000,0.00000,LOW,false,false,false,false,
413,2026-09-11T20:22:47.156292+00:00,41.300277,boot_safe,0.000000,0.00000,0.000000,0.00000,LOW,false,false,false,false,
414,2026-09-11T20:22:47.256603+00:00,41.400305,boot_safe,0.000000,0.00000,0.000000,0.00000,LOW,false,false,false,false,
415,2026-09-11T20:22:47.356330+00:00,41.500293,boot_safe,0.000000,0.00000,0.000000,0.00000,LOW,false,false,false,false,
416,2026-09-11T20:22:47.456686+00:00,41.600338,boot_safe,0.000000,0.00000,0.000000,0.00000,LOW,false,false,false,false,
417,2026-09-11T20:22:47.556319+00:00,41.700291,boot_safe,0.000000,0.00000,0.000000,0.00000,LOW,false,false,false,false,
418,2026-09-11T20:22:47.656607+00:00,41.800304,boot_safe,0.000000,0.00000,0.000000,0.00000,LOW,false,false,false,false,
419,2026-09-11T20:22:47.756310+00:00,41.900284,boot_safe,0.000000,0.00000,0.000000,0.00000,LOW,false,false,false,false,
420,2026-09-11T20:22:47.856618+00:00,42.000309,boot_safe,0.000000,0.00000,0.000000,0.00000,LOW,false,false,false,false,
421,2026-09-11T20:22:47.956313+00:00,42.100286,boot_safe,0.000000,0.00000,0.000000,0.00000,LOW,false,false,false,false,
422,2026-09-11T20:22:48.056622+00:00,42.200313,boot_safe,0.000000,0.00000,0.000000,0.00000,LOW,false,false,false,false,
423,2026-09-11T20:22:48.156308+00:00,42.300280,boot_safe,0.000000,0.00000,0.000000,0.00000,LOW,false,false,false,false,
424,2026-09-11T20:22:48.256616+00:00,42.400304,boot_safe,0.000000,0.00000,0.000000,0.00000,LOW,false,false,false,false,
425,2026-09-11T20:22:48.356306+00:00,42.500275,boot_safe,0.000000,0.00000,0.000000,0.00000,LOW,false,false,false,false,
426,2026-09-11T20:22:48.456626+00:00,42.600317,boot_safe,0.000000,0.00000,0.000000,0.00000,LOW,false,false,false,false,
427,2026-09-11T20:22:48.556311+00:00,42.700284,boot_safe,0.000000,0.00000,0.000000,0.00000,LOW,false,false,false,false,
428,2026-09-11T20:22:48.656615+00:00,42.800303,boot_safe,0.000000,0.00000,0.000000,0.00000,LOW,false,false,false,false,
429,2026-09-11T20:22:48.756309+00:00,42.900283,boot_safe,0.000000,0.00000,0.000000,0.00000,LOW,false,false,false,false,
430,2026-09-11T20:22:48.856618+00:00,43.000308,boot_safe,0.000000,0.00000,0.000000,0.00000,LOW,false,false,false,false,
431,2026-09-11T20:22:48.956314+00:00,43.100283,boot_safe,0.000000,0.00000,0.000000,0.00000,LOW,false,false,false,false,
432,2026-09-11T20:22:49.056621+00:00,43.200313,boot_safe,0.000000,0.00000,0.000000,0.00000,LOW,false,false,false,false,
433,2026-09-11T20:22:49.156313+00:00,43.300281,boot_safe,0.000000,0.00000,0.000000,0.00000,LOW,false,false,false,false,
434,2026-09-11T20:22:49.256606+00:00,43.400306,boot_safe,0.000000,0.00000,0.000000,0.00000,LOW,false,false,false,false,
435,2026-09-11T20:22:49.356323+00:00,43.500290,boot_safe,0.000000,0.00000,0.000000,0.00000,LOW,false,false,false,false,
436,2026-09-11T20:22:49.456706+00:00,43.600310,boot_safe,0.000000,0.00000,0.000000,0.00000,LOW,false,false,false,false,
437,2026-09-11T20:22:49.556519+00:00,43.700406,boot_safe,0.000000,0.00000,0.000000,0.00000,LOW,false,false,false,false,
438,2026-09-11T20:22:49.656681+00:00,43.800352,boot_safe,0.000000,0.00000,0.000000,0.00000,LOW,false,false,false,false,
439,2026-09-11T20:22:49.756337+00:00,43.900296,boot_safe,0.000000,0.00000,0.000000,0.00000,LOW,false,false,false,false,
440,2026-09-11T20:22:49.856634+00:00,44.000318,boot_safe,0.000000,0.00000,0.000000,0.00000,LOW,false,false,false,false,
441,2026-09-11T20:22:49.956994+00:00,44.100770,boot_safe,0.000000,0.00000,0.000000,0.00000,LOW,false,true,false,true,permit_accepted
442,2026-09-11T20:22:50.056585+00:00,44.200411,boot_safe,0.000000,0.00000,0.000000,0.00000,LOW,false,true,false,true,
443,2026-09-11T20:22:50.156930+00:00,44.300435,boot_safe,0.000000,0.00000,0.000000,0.00000,LOW,false,true,false,true,
444,2026-09-11T20:22:50.256869+00:00,44.400414,boot_safe,0.000000,0.00000,0.000000,0.00000,LOW,false,true,false,true,
445,2026-09-11T20:22:50.356588+00:00,44.500394,boot_safe,0.000000,0.00000,0.000000,0.00000,LOW,false,true,false,true,
446,2026-09-11T20:22:50.456590+00:00,44.600383,boot_safe,0.000000,0.00000,0.000000,0.00000,LOW,false,true,false,true,
447,2026-09-11T20:22:50.556908+00:00,44.700427,boot_safe,0.000000,0.00000,0.000000,0.00000,LOW,false,true,false,true,
448,2026-09-11T20:22:50.656566+00:00,44.800393,boot_safe,0.000000,0.00000,0.000000,0.00000,LOW,false,true,false,true,
449,2026-09-11T20:22:50.756875+00:00,44.900419,boot_safe,0.000000,0.00000,0.000000,0.00000,LOW,false,true,false,true,
450,2026-09-11T20:22:50.856572+00:00,45.000389,boot_safe,0.000000,0.00000,0.000000,0.00000,LOW,false,true,false,true,
451,2026-09-11T20:22:50.956561+00:00,45.100382,boot_safe,0.000000,0.00000,0.000000,0.00000,LOW,false,true,false,true,
452,2026-09-11T20:22:51.057006+00:00,45.200452,boot_safe,0.000000,0.00000,0.000000,0.00000,LOW,false,true,false,true,
453,2026-09-11T20:22:51.156518+00:00,45.300393,boot_safe,0.000000,0.00000,0.000000,0.00000,LOW,false,true,false,true,
454,2026-09-11T20:22:51.256551+00:00,45.400378,boot_safe,0.000000,0.00000,0.000000,0.00000,LOW,false,true,false,true,
455,2026-09-11T20:22:51.356913+00:00,45.500438,boot_safe,0.000000,0.00000,0.000000,0.00000,LOW,false,true,false,true,
456,2026-09-11T20:22:51.456601+00:00,45.600439,boot_safe,0.000000,0.00000,0.000000,0.00000,LOW,false,true,false,true,
457,2026-09-11T20:22:51.556881+00:00,45.700423,boot_safe,0.000000,0.00000,0.000000,0.00000,LOW,false,true,false,true,
458,2026-09-11T20:22:51.656411+00:00,45.800335,boot_safe,0.000000,0.00000,0.000000,0.00000,LOW,false,true,false,true,
459,2026-09-11T20:22:51.756754+00:00,45.900383,boot_safe,0.000000,0.00000,0.000000,0.00000,LOW,false,true,false,true,
460,2026-09-11T20:22:51.856330+00:00,46.000302,boot_safe,0.000000,0.00000,0.000000,0.00000,LOW,false,true,false,true,
461,2026-09-11T20:22:51.956619+00:00,46.100312,boot_safe,0.000000,0.00000,0.000000,0.00000,LOW,false,true,false,true,
462,2026-09-11T20:22:52.056318+00:00,46.200288,boot_safe,0.000000,0.00000,0.000000,0.00000,LOW,false,true,false,true,
463,2026-09-11T20:22:52.156617+00:00,46.300311,boot_safe,0.000000,0.00000,0.000000,0.00000,LOW,false,true,false,true,
464,2026-09-11T20:22:52.256312+00:00,46.400284,boot_safe,0.000000,0.00000,0.000000,0.00000,LOW,false,true,false,true,
465,2026-09-11T20:22:52.356602+00:00,46.500303,boot_safe,0.000000,0.00000,0.000000,0.00000,LOW,false,true,false,true,
466,2026-09-11T20:22:52.456545+00:00,46.600425,boot_safe,0.000000,0.00000,0.000000,0.00000,LOW,false,true,false,true,
467,2026-09-11T20:22:52.556640+00:00,46.700332,boot_safe,0.000000,0.00000,0.000000,0.00000,LOW,false,true,false,true,
468,2026-09-11T20:22:52.656309+00:00,46.800284,boot_safe,0.000000,0.00000,0.000000,0.00000,LOW,false,true,false,true,
469,2026-09-11T20:22:52.756617+00:00,46.900309,boot_safe,0.000000,0.00000,0.000000,0.00000,LOW,false,true,false,true,
470,2026-09-11T20:22:52.856320+00:00,47.000288,boot_safe,0.000000,0.00000,0.000000,0.00000,LOW,false,true,false,true,
471,2026-09-11T20:22:52.956615+00:00,47.100309,boot_safe,0.000000,0.00000,0.000000,0.00000,LOW,false,true,false,true,
472,2026-09-11T20:22:53.056316+00:00,47.200285,boot_safe,0.000000,0.00000,0.000000,0.00000,LOW,false,true,false,true,
473,2026-09-11T20:22:53.156625+00:00,47.300310,boot_safe,0.000000,0.00000,-0.002000,-0.01212,LOW,false,true,false,true,
474,2026-09-11T20:22:53.256538+00:00,47.400419,boot_safe,0.000000,0.00000,0.000000,0.00000,LOW,false,true,false,true,
475,2026-09-11T20:22:53.356646+00:00,47.500336,boot_safe,0.000000,0.00000,0.000000,0.00000,LOW,false,true,false,true,
476,2026-09-11T20:22:53.456307+00:00,47.600283,boot_safe,0.000000,0.00000,0.000000,0.00000,LOW,false,true,false,true,
477,2026-09-11T20:22:53.556630+00:00,47.700309,boot_safe,0.000000,0.00000,0.000000,0.00000,LOW,false,true,false,true,
478,2026-09-11T20:22:53.656308+00:00,47.800281,boot_safe,0.000000,0.00000,0.000000,0.00000,LOW,false,true,false,true,
479,2026-09-11T20:22:53.756599+00:00,47.900302,boot_safe,0.000000,0.00000,0.000000,0.00000,LOW,false,true,false,true,
480,2026-09-11T20:22:53.856405+00:00,48.000308,boot_safe,0.000000,0.00000,0.000000,0.00000,LOW,false,true,false,true,
481,2026-09-11T20:22:53.956592+00:00,48.100282,boot_safe,0.000000,0.00000,0.000000,0.00000,LOW,false,true,false,true,
482,2026-09-11T20:22:54.056424+00:00,48.200309,boot_safe,0.000000,0.00000,0.000000,0.00000,LOW,false,true,false,true,
483,2026-09-11T20:22:54.156625+00:00,48.300363,boot_safe,0.000000,0.00000,0.000000,0.00000,LOW,false,true,false,true,
484,2026-09-11T20:22:54.256487+00:00,48.400393,boot_safe,0.000000,0.00000,0.000000,0.00000,LOW,false,true,false,true,
485,2026-09-11T20:22:54.356510+00:00,48.500268,boot_safe,0.000000,0.00000,0.000000,0.00000,LOW,false,true,false,true,
486,2026-09-11T20:22:54.456406+00:00,48.600307,boot_safe,0.000000,0.00000,0.000000,0.00000,LOW,false,true,false,true,
487,2026-09-11T20:22:54.556511+00:00,48.700273,boot_safe,0.000000,0.00000,0.000000,0.00000,LOW,false,true,false,true,
488,2026-09-11T20:22:54.656408+00:00,48.800304,boot_safe,0.000000,0.00000,0.000000,0.00000,LOW,false,true,false,true,
489,2026-09-11T20:22:54.756679+00:00,48.900355,boot_safe,0.000000,0.00000,0.000000,0.00000,LOW,false,true,false,true,
490,2026-09-11T20:22:54.856417+00:00,49.000325,boot_safe,0.000000,0.00000,0.000000,0.00000,LOW,false,true,false,true,
491,2026-09-11T20:22:54.956528+00:00,49.100282,boot_safe,0.000000,0.00000,0.000000,0.00000,LOW,false,true,false,true,
492,2026-09-11T20:22:55.056420+00:00,49.200308,boot_safe,0.000000,0.00000,0.000000,0.00000,LOW,false,true,false,true,
493,2026-09-11T20:22:55.156529+00:00,49.300280,boot_safe,0.000000,0.00000,0.000000,0.00000,LOW,false,true,false,true,
494,2026-09-11T20:22:55.256412+00:00,49.400307,boot_safe,0.000000,0.00000,0.000000,0.00000,LOW,false,true,false,true,
495,2026-09-11T20:22:55.356614+00:00,49.500278,boot_safe,0.000000,0.00000,0.000000,0.00000,LOW,false,true,false,true,
496,2026-09-11T20:22:55.456582+00:00,49.600405,boot_safe,0.000000,0.00000,0.000000,0.00000,LOW,false,true,false,true,
497,2026-09-11T20:22:55.556554+00:00,49.700303,boot_safe,0.000000,0.00000,0.000000,0.00000,LOW,false,true,false,true,
498,2026-09-11T20:22:55.656401+00:00,49.800317,boot_safe,0.000000,0.00000,0.000000,0.00000,LOW,false,true,false,true,
499,2026-09-11T20:22:55.756539+00:00,49.900283,boot_safe,0.000000,0.00000,0.000000,0.00000,LOW,false,true,false,true,
500,2026-09-11T20:22:55.856477+00:00,50.000326,boot_safe,0.000000,0.00000,0.000000,0.00000,LOW,false,true,false,true,
501,2026-09-11T20:22:55.956509+00:00,50.100276,boot_safe,0.000000,0.00000,0.000000,0.00000,LOW,false,true,false,true,
502,2026-09-11T20:22:56.056555+00:00,50.200319,boot_safe,0.000000,0.00000,0.000000,0.00000,LOW,false,true,false,true,
503,2026-09-11T20:22:56.156508+00:00,50.300282,boot_safe,0.000000,0.00000,0.000000,0.00000,LOW,false,true,false,true,
504,2026-09-11T20:22:56.256617+00:00,50.400312,boot_safe,0.000000,0.00000,0.000000,0.00000,LOW,false,true,false,true,
505,2026-09-11T20:22:56.356371+00:00,50.500277,boot_safe,0.000000,0.00000,0.000000,0.00000,LOW,false,true,false,true,
506,2026-09-11T20:22:56.456538+00:00,50.600304,boot_safe,0.000000,0.00000,0.000000,0.00000,LOW,false,true,false,true,
507,2026-09-11T20:22:56.556403+00:00,50.700293,boot_safe,0.000000,0.00000,0.000000,0.00000,LOW,false,true,false,true,
508,2026-09-11T20:22:56.656489+00:00,50.800279,boot_safe,0.000000,0.00000,0.000000,0.00000,LOW,false,true,false,true,
509,2026-09-11T20:22:56.756544+00:00,50.900319,boot_safe,0.000000,0.00000,0.000000,0.00000,LOW,false,true,false,true,
510,2026-09-11T20:22:56.856509+00:00,51.000344,boot_safe,0.000000,0.00000,0.000000,0.00000,LOW,false,true,false,true,
511,2026-09-11T20:22:56.956549+00:00,51.100322,boot_safe,0.000000,0.00000,0.000000,0.00000,LOW,false,true,false,true,
512,2026-09-11T20:22:57.056363+00:00,51.200278,boot_safe,0.000000,0.00000,0.000000,0.00000,LOW,false,true,false,true,
513,2026-09-11T20:22:57.156572+00:00,51.300309,boot_safe,0.000000,0.00000,0.000000,0.00000,LOW,false,true,false,true,
514,2026-09-11T20:22:57.256399+00:00,51.400285,boot_safe,0.000000,0.00000,0.000000,0.00000,LOW,false,true,false,true,
515,2026-09-11T20:22:57.356643+00:00,51.500322,boot_safe,0.000000,0.00000,0.000000,0.00000,LOW,false,true,false,true,
516,2026-09-11T20:22:57.456523+00:00,51.600302,boot_safe,0.000000,0.00000,0.000000,0.00000,LOW,false,true,false,true,
517,2026-09-11T20:22:57.556388+00:00,51.700279,boot_safe,0.000000,0.00000,0.000000,0.00000,LOW,false,true,false,true,
518,2026-09-11T20:22:57.656536+00:00,51.800308,boot_safe,0.000000,0.00000,0.000000,0.00000,LOW,false,true,false,true,
519,2026-09-11T20:22:57.756377+00:00,51.900275,boot_safe,0.000000,0.00000,0.000000,0.00000,LOW,false,true,false,true,
520,2026-09-11T20:22:57.856534+00:00,52.000309,boot_safe,0.000000,0.00000,0.000000,0.00000,LOW,false,true,false,true,
521,2026-09-11T20:22:57.956388+00:00,52.100277,boot_safe,0.000000,0.00000,0.000000,0.00000,LOW,false,true,false,true,
522,2026-09-11T20:22:58.056541+00:00,52.200312,boot_safe,0.000000,0.00000,0.000000,0.00000,LOW,false,true,false,true,
523,2026-09-11T20:22:58.156374+00:00,52.300276,boot_safe,0.000000,0.00000,0.000000,0.00000,LOW,false,true,false,true,
524,2026-09-11T20:22:58.256562+00:00,52.400318,boot_safe,0.000000,0.00000,0.000000,0.00000,LOW,false,true,false,true,
525,2026-09-11T20:22:58.356388+00:00,52.500280,boot_safe,0.000000,0.00000,0.000000,0.00000,LOW,false,true,false,true,
526,2026-09-11T20:22:58.456873+00:00,52.600470,boot_safe,0.000000,0.00000,0.000000,0.00000,LOW,false,true,false,true,
527,2026-09-11T20:22:58.556596+00:00,52.700321,boot_safe,0.000000,0.00000,0.000000,0.00000,LOW,false,true,false,true,
528,2026-09-11T20:22:58.656350+00:00,52.800287,boot_safe,0.000000,0.00000,0.000000,0.00000,LOW,false,true,false,true,
529,2026-09-11T20:22:58.756610+00:00,52.900308,boot_safe,0.000000,0.00000,0.000000,0.00000,LOW,false,true,false,true,
530,2026-09-11T20:22:58.856379+00:00,53.000281,boot_safe,0.000000,0.00000,0.000000,0.00000,LOW,false,true,false,true,
531,2026-09-11T20:22:58.956622+00:00,53.100315,boot_safe,0.000000,0.00000,0.000000,0.00000,LOW,false,true,false,true,
532,2026-09-11T20:22:59.056367+00:00,53.200281,boot_safe,0.000000,0.00000,0.000000,0.00000,LOW,false,true,false,true,
533,2026-09-11T20:22:59.156615+00:00,53.300311,boot_safe,0.000000,0.00000,0.000000,0.00000,LOW,false,true,false,true,
534,2026-09-11T20:22:59.256315+00:00,53.400288,boot_safe,0.000000,0.00000,0.000000,0.00000,LOW,false,true,false,true,
535,2026-09-11T20:22:59.356618+00:00,53.500316,boot_safe,0.000000,0.00000,0.000000,0.00000,LOW,false,true,false,true,
536,2026-09-11T20:22:59.456399+00:00,53.600319,boot_safe,0.000000,0.00000,0.000000,0.00000,LOW,false,true,false,true,
537,2026-09-11T20:22:59.556630+00:00,53.700319,boot_safe,0.000000,0.00000,0.000000,0.00000,LOW,false,true,false,true,
538,2026-09-11T20:22:59.656315+00:00,53.800288,boot_safe,0.000000,0.00000,0.000000,0.00000,LOW,false,true,false,true,
539,2026-09-11T20:22:59.756613+00:00,53.900309,boot_safe,0.000000,0.00000,0.000000,0.00000,LOW,false,true,false,true,
540,2026-09-11T20:22:59.856307+00:00,54.000282,boot_safe,0.000000,0.00000,0.000000,0.00000,LOW,false,true,false,true,
541,2026-09-11T20:22:59.956727+00:00,54.100368,boot_safe,0.000000,0.00000,0.000000,0.00000,LOW,false,true,false,true,
542,2026-09-11T20:23:00.056498+00:00,54.200388,boot_safe,0.000000,0.00000,0.000000,0.00000,LOW,false,true,false,true,
543,2026-09-11T20:23:00.156334+00:00,54.300300,boot_safe,0.000000,0.00000,0.000000,0.00000,LOW,false,true,false,true,
544,2026-09-11T20:23:00.256645+00:00,54.400325,boot_safe,0.000000,0.00000,0.000000,0.00000,LOW,false,true,false,true,
545,2026-09-11T20:23:00.356431+00:00,54.500294,boot_safe,0.000000,0.00000,0.000000,0.00000,LOW,false,true,false,true,
546,2026-09-11T20:23:00.456667+00:00,54.600352,boot_safe,0.000000,0.00000,0.000000,0.00000,LOW,false,true,false,true,
547,2026-09-11T20:23:00.556490+00:00,54.700387,boot_safe,0.000000,0.00000,0.000000,0.00000,LOW,false,true,false,true,
548,2026-09-11T20:23:00.656671+00:00,54.800339,boot_safe,0.000000,0.00000,0.000000,0.00000,LOW,false,true,false,true,
549,2026-09-11T20:23:00.756497+00:00,54.900384,boot_safe,0.000000,0.00000,0.000000,0.00000,LOW,false,true,false,true,
550,2026-09-11T20:23:00.856662+00:00,55.000341,boot_safe,0.000000,0.00000,0.000000,0.00000,LOW,false,true,false,true,
551,2026-09-11T20:23:00.956323+00:00,55.100295,boot_safe,0.000000,0.00000,0.000000,0.00000,LOW,false,true,false,true,
552,2026-09-11T20:23:01.056675+00:00,55.200339,boot_safe,0.000000,0.00000,0.000000,0.00000,LOW,false,true,false,true,
553,2026-09-11T20:23:01.156613+00:00,55.300385,boot_safe,0.000000,0.00000,0.000000,0.00000,LOW,false,true,false,true,
554,2026-09-11T20:23:01.256420+00:00,55.400333,boot_safe,0.000000,0.00000,0.000000,0.00000,LOW,false,true,false,true,
555,2026-09-11T20:23:01.356820+00:00,55.500340,boot_safe,0.000000,0.00000,0.000000,0.00000,LOW,false,true,false,true,
556,2026-09-11T20:23:01.456494+00:00,55.600390,boot_safe,0.000000,0.00000,0.000000,0.00000,LOW,false,true,false,true,
557,2026-09-11T20:23:01.556637+00:00,55.700330,boot_safe,0.000000,0.00000,0.000000,0.00000,LOW,false,true,false,true,
558,2026-09-11T20:23:01.656353+00:00,55.800299,boot_safe,0.000000,0.00000,0.000000,0.00000,LOW,false,true,false,true,
559,2026-09-11T20:23:01.756661+00:00,55.900329,boot_safe,0.000000,0.00000,0.000000,0.00000,LOW,false,true,false,true,
560,2026-09-11T20:23:01.856347+00:00,56.000297,boot_safe,0.000000,0.00000,0.000000,0.00000,LOW,false,true,false,true,
561,2026-09-11T20:23:01.956771+00:00,56.100392,boot_safe,0.000000,0.00000,0.000000,0.00000,LOW,false,true,false,true,
562,2026-09-11T20:23:02.056328+00:00,56.200300,boot_safe,0.000000,0.00000,0.000000,0.00000,LOW,false,true,false,true,
563,2026-09-11T20:23:02.156617+00:00,56.300310,boot_safe,0.000000,0.00000,0.000000,0.00000,LOW,false,true,false,true,
564,2026-09-11T20:23:02.256433+00:00,56.400283,boot_safe,0.000000,0.00000,0.000000,0.00000,LOW,false,true,false,true,
565,2026-09-11T20:23:02.356703+00:00,56.500364,boot_safe,0.000000,0.00000,0.000000,0.00000,LOW,false,true,false,true,
566,2026-09-11T20:23:02.456328+00:00,56.600298,boot_safe,0.000000,0.00000,0.000000,0.00000,LOW,false,true,false,true,
567,2026-09-11T20:23:02.556625+00:00,56.700317,boot_safe,0.000000,0.00000,0.000000,0.00000,LOW,false,true,false,true,
568,2026-09-11T20:23:02.656309+00:00,56.800286,boot_safe,0.000000,0.00000,0.000000,0.00000,LOW,false,true,false,true,
569,2026-09-11T20:23:02.756608+00:00,56.900306,boot_safe,0.000000,0.00000,0.000000,0.00000,LOW,false,true,false,true,
570,2026-09-11T20:23:02.856326+00:00,57.000296,boot_safe,0.000000,0.00000,0.000000,0.00000,LOW,false,true,false,true,
571,2026-09-11T20:23:02.956616+00:00,57.100314,boot_safe,0.000000,0.00000,0.000000,0.00000,LOW,false,true,false,true,
572,2026-09-11T20:23:03.057032+00:00,57.200724,boot_safe,0.000000,0.00000,0.000000,0.00000,LOW,false,false,false,false,operator_safe
573,2026-09-11T20:23:03.156912+00:00,57.300435,boot_safe,0.000000,0.00000,0.000000,0.00000,LOW,false,false,false,false,
574,2026-09-11T20:23:03.256602+00:00,57.400403,boot_safe,0.000000,0.00000,0.000000,0.00000,LOW,false,false,false,false,
575,2026-09-11T20:23:03.356878+00:00,57.500432,boot_safe,0.000000,0.00000,0.000000,0.00000,LOW,false,false,false,false,
576,2026-09-11T20:23:03.456595+00:00,57.600413,boot_safe,0.000000,0.00000,0.000000,0.00000,LOW,false,false,false,false,
577,2026-09-11T20:23:03.556926+00:00,57.700446,boot_safe,0.000000,0.00000,0.000000,0.00000,LOW,false,false,false,false,
578,2026-09-11T20:23:03.656676+00:00,57.800452,boot_safe,0.000000,0.00000,0.000000,0.00000,LOW,false,false,false,false,
579,2026-09-11T20:23:03.756562+00:00,57.900379,boot_safe,0.000000,0.00000,0.000000,0.00000,LOW,false,false,false,false,
580,2026-09-11T20:23:03.856876+00:00,58.000457,boot_safe,0.000000,0.00000,0.000000,0.00000,LOW,false,false,false,false,
581,2026-09-11T20:23:03.956523+00:00,58.100395,boot_safe,0.000000,0.00000,0.000000,0.00000,LOW,false,false,false,false,
582,2026-09-11T20:23:04.056576+00:00,58.200390,boot_safe,0.000000,0.00000,0.000000,0.00000,LOW,false,false,false,false,
583,2026-09-11T20:23:04.156941+00:00,58.300472,boot_safe,0.000000,0.00000,0.000000,0.00000,LOW,false,false,false,false,
584,2026-09-11T20:23:04.256612+00:00,58.400420,boot_safe,0.000000,0.00000,0.000000,0.00000,LOW,false,false,false,false,
585,2026-09-11T20:23:04.356892+00:00,58.500428,boot_safe,0.000000,0.00000,0.000000,0.00000,LOW,false,false,false,false,
586,2026-09-11T20:23:04.456643+00:00,58.600436,boot_safe,0.000000,0.00000,0.000000,0.00000,LOW,false,false,false,false,
587,2026-09-11T20:23:04.556551+00:00,58.700381,boot_safe,0.000000,0.00000,0.000000,0.00000,LOW,false,false,false,false,
588,2026-09-11T20:23:04.656914+00:00,58.800415,boot_safe,0.000000,0.00000,0.000000,0.00000,LOW,false,false,false,false,
589,2026-09-11T20:23:04.756574+00:00,58.900407,boot_safe,0.000000,0.00000,0.000000,0.00000,LOW,false,false,false,false,
590,2026-09-11T20:23:04.856556+00:00,59.000393,boot_safe,0.000000,0.00000,0.000000,0.00000,LOW,false,false,false,false,
591,2026-09-11T20:23:04.956559+00:00,59.100380,boot_safe,0.000000,0.00000,0.000000,0.00000,LOW,false,false,false,false,
592,2026-09-11T20:23:05.056862+00:00,59.200418,boot_safe,0.000000,0.00000,0.000000,0.00000,LOW,false,false,false,false,
593,2026-09-11T20:23:05.156557+00:00,59.300387,boot_safe,0.000000,0.00000,0.000000,0.00000,LOW,false,false,false,false,
594,2026-09-11T20:23:05.256545+00:00,59.400380,boot_safe,0.000000,0.00000,0.000000,0.00000,LOW,false,false,false,false,
595,2026-09-11T20:23:05.356569+00:00,59.500383,boot_safe,0.000000,0.00000,0.000000,0.00000,LOW,false,false,false,false,
596,2026-09-11T20:23:05.456878+00:00,59.600417,boot_safe,0.000000,0.00000,0.000000,0.00000,LOW,false,false,false,false,
597,2026-09-11T20:23:05.556886+00:00,59.700422,boot_safe,0.000000,0.00000,0.000000,0.00000,LOW,false,false,false,false,
598,2026-09-11T20:23:05.656840+00:00,59.800417,boot_safe,0.000000,0.00000,0.000000,0.00000,LOW,false,false,false,false,
599,2026-09-11T20:23:05.756390+00:00,59.900325,boot_safe,0.000000,0.00000,0.000000,0.00000,LOW,false,false,false,false,
600,2026-09-11T20:23:05.856627+00:00,60.000320,boot_safe,0.000000,0.00000,0.000000,0.00000,LOW,false,false,false,false,
601,2026-09-11T20:23:05.956307+00:00,60.100282,boot_safe,0.000000,0.00000,0.000000,0.00000,LOW,false,false,false,false,
602,2026-09-11T20:23:06.056595+00:00,60.200303,boot_safe,0.000000,0.00000,0.000000,0.00000,LOW,false,false,false,false,
603,2026-09-11T20:23:06.156305+00:00,60.300280,boot_safe,0.000000,0.00000,0.000000,0.00000,LOW,false,false,false,false,
604,2026-09-11T20:23:06.256736+00:00,60.400378,boot_safe,0.000000,0.00000,0.000000,0.00000,LOW,false,false,false,false,
605,2026-09-11T20:23:06.356330+00:00,60.500297,boot_safe,0.000000,0.00000,0.000000,0.00000,LOW,false,false,false,false,
606,2026-09-11T20:23:06.456647+00:00,60.600328,boot_safe,0.000000,0.00000,0.000000,0.00000,LOW,false,false,false,false,
607,2026-09-11T20:23:06.556315+00:00,60.700288,boot_safe,0.000000,0.00000,0.000000,0.00000,LOW,false,false,false,false,
608,2026-09-11T20:23:06.656606+00:00,60.800307,boot_safe,0.000000,0.00000,0.000000,0.00000,LOW,false,false,false,false,
609,2026-09-11T20:23:06.756355+00:00,60.900304,boot_safe,0.000000,0.00000,0.000000,0.00000,LOW,false,false,false,false,
610,2026-09-11T20:23:06.856618+00:00,61.000313,boot_safe,0.000000,0.00000,0.000000,0.00000,LOW,false,false,false,false,
611,2026-09-11T20:23:06.956305+00:00,61.100283,boot_safe,0.000000,0.00000,0.000000,0.00000,LOW,false,false,false,false,
612,2026-09-11T20:23:07.056521+00:00,61.200402,boot_safe,0.000000,0.00000,0.000000,0.00000,LOW,false,false,false,false,
613,2026-09-11T20:23:07.156666+00:00,61.300347,boot_safe,0.000000,0.00000,0.000000,0.00000,LOW,false,false,false,false,
614,2026-09-11T20:23:07.256331+00:00,61.400296,boot_safe,0.000000,0.00000,0.000000,0.00000,LOW,false,false,false,false,
615,2026-09-11T20:23:07.356653+00:00,61.500327,boot_safe,0.000000,0.00000,0.000000,0.00000,LOW,false,false,false,false,
616,2026-09-11T20:23:07.456512+00:00,61.600401,boot_safe,0.000000,0.00000,0.000000,0.00000,LOW,false,false,false,false,
617,2026-09-11T20:23:07.556759+00:00,61.700389,boot_safe,0.000000,0.00000,0.000000,0.00000,LOW,false,false,false,false,
618,2026-09-11T20:23:07.656546+00:00,61.800425,boot_safe,0.000000,0.00000,0.000000,0.00000,LOW,false,false,false,false,
619,2026-09-11T20:23:07.756826+00:00,61.900423,boot_safe,0.000000,0.00000,0.000000,0.00000,LOW,false,false,false,false,
620,2026-09-11T20:23:07.856345+00:00,62.000314,boot_safe,0.000000,0.00000,0.000000,0.00000,LOW,false,false,false,false,
621,2026-09-11T20:23:07.956614+00:00,62.100312,boot_safe,0.000000,0.00000,0.000000,0.00000,LOW,false,false,false,false,
622,2026-09-11T20:23:08.056411+00:00,62.200319,boot_safe,0.000000,0.00000,0.000000,0.00000,LOW,false,false,false,false,
623,2026-09-11T20:23:08.156627+00:00,62.300322,boot_safe,0.000000,0.00000,0.000000,0.00000,LOW,false,false,false,false,
624,2026-09-11T20:23:08.256353+00:00,62.400309,boot_safe,0.000000,0.00000,0.000000,0.00000,LOW,false,false,false,false,
625,2026-09-11T20:23:08.356624+00:00,62.500309,boot_safe,0.000000,0.00000,0.000000,0.00000,LOW,false,false,false,false,
626,2026-09-11T20:23:08.456308+00:00,62.600282,boot_safe,0.000000,0.00000,0.000000,0.00000,LOW,false,false,false,false,
627,2026-09-11T20:23:08.556626+00:00,62.700314,boot_safe,0.000000,0.00000,0.000000,0.00000,LOW,false,false,false,false,
628,2026-09-11T20:23:08.656306+00:00,62.800280,boot_safe,0.000000,0.00000,0.000000,0.00000,LOW,false,false,false,false,
629,2026-09-11T20:23:08.756664+00:00,62.900335,boot_safe,0.000000,0.00000,0.000000,0.00000,LOW,false,false,false,false,
630,2026-09-11T20:23:08.856304+00:00,63.000284,boot_safe,0.000000,0.00000,0.000000,0.00000,LOW,false,false,false,false,
631,2026-09-11T20:23:08.956608+00:00,63.100305,boot_safe,0.000000,0.00000,0.000000,0.00000,LOW,false,false,false,false,
632,2026-09-11T20:23:09.056294+00:00,63.200278,boot_safe,0.000000,0.00000,0.000000,0.00000,LOW,false,false,false,false,
633,2026-09-11T20:23:09.156611+00:00,63.300304,boot_safe,0.000000,0.00000,0.000000,0.00000,LOW,false,false,false,false,
634,2026-09-11T20:23:09.256309+00:00,63.400283,boot_safe,0.000000,0.00000,0.000000,0.00000,LOW,false,false,false,false,
635,2026-09-11T20:23:09.356604+00:00,63.500302,boot_safe,0.000000,0.00000,0.000000,0.00000,LOW,false,false,false,false,
636,2026-09-11T20:23:09.456315+00:00,63.600284,boot_safe,0.000000,0.00000,0.000000,0.00000,LOW,false,false,false,false,
637,2026-09-11T20:23:09.556635+00:00,63.700314,boot_safe,0.000000,0.00000,0.000000,0.00000,LOW,false,false,false,false,
638,2026-09-11T20:23:09.656304+00:00,63.800280,boot_safe,0.000000,0.00000,0.000000,0.00000,LOW,false,false,false,false,
639,2026-09-11T20:23:09.756606+00:00,63.900305,boot_safe,0.000000,0.00000,0.000000,0.00000,LOW,false,false,false,false,
640,2026-09-11T20:23:09.856309+00:00,64.000281,boot_safe,0.000000,0.00000,0.000000,0.00000,LOW,false,false,false,false,
641,2026-09-11T20:23:09.956610+00:00,64.100307,boot_safe,0.000000,0.00000,0.000000,0.00000,LOW,false,false,false,false,
642,2026-09-11T20:23:10.056309+00:00,64.200279,boot_safe,0.000000,0.00000,0.000000,0.00000,LOW,false,false,false,false,
643,2026-09-11T20:23:10.156608+00:00,64.300302,boot_safe,0.000000,0.00000,0.000000,0.00000,LOW,false,false,false,false,
644,2026-09-11T20:23:10.256314+00:00,64.400281,boot_safe,0.000000,0.00000,0.000000,0.00000,LOW,false,false,false,false,
645,2026-09-11T20:23:10.356607+00:00,64.500304,boot_safe,0.000000,0.00000,0.000000,0.00000,LOW,false,false,false,false,
646,2026-09-11T20:23:10.456551+00:00,64.600425,boot_safe,0.000000,0.00000,0.000000,0.00000,LOW,false,false,false,false,
647,2026-09-11T20:23:10.556652+00:00,64.700336,boot_safe,0.000000,0.00000,0.000000,0.00000,LOW,false,false,false,false,
648,2026-09-11T20:23:10.656312+00:00,64.800290,boot_safe,0.000000,0.00000,0.000000,0.00000,LOW,false,false,false,false,
649,2026-09-11T20:23:10.756614+00:00,64.900309,boot_safe,0.000000,0.00000,0.000000,0.00000,LOW,false,false,false,false,
650,2026-09-11T20:23:10.856307+00:00,65.000279,boot_safe,0.000000,0.00000,0.000000,0.00000,LOW,false,false,false,false,
651,2026-09-11T20:23:10.956612+00:00,65.100308,boot_safe,0.000000,0.00000,0.000000,0.00000,LOW,false,false,false,false,
652,2026-09-11T20:23:11.056304+00:00,65.200279,boot_safe,0.000000,0.00000,0.000000,0.00000,LOW,false,false,false,false,
653,2026-09-11T20:23:11.156614+00:00,65.300308,boot_safe,0.000000,0.00000,0.000000,0.00000,LOW,false,false,false,false,
654,2026-09-11T20:23:11.256316+00:00,65.400285,boot_safe,0.000000,0.00000,0.000000,0.00000,LOW,false,false,false,false,
655,2026-09-11T20:23:11.356788+00:00,65.500398,boot_safe,0.000000,0.00000,0.000000,0.00000,LOW,false,false,false,false,
656,2026-09-11T20:23:11.456409+00:00,65.600322,boot_safe,0.000000,0.00000,0.000000,0.00000,LOW,false,false,false,false,
657,2026-09-11T20:23:11.556648+00:00,65.700327,boot_safe,0.000000,0.00000,0.000000,0.00000,LOW,false,false,false,false,
658,2026-09-11T20:23:11.656315+00:00,65.800284,boot_safe,0.000000,0.00000,0.000000,0.00000,LOW,false,false,false,false,
659,2026-09-11T20:23:11.756622+00:00,65.900312,boot_safe,0.000000,0.00000,0.000000,0.00000,LOW,false,false,false,false,
660,2026-09-11T20:23:11.856307+00:00,66.000280,boot_safe,0.000000,0.00000,0.000000,0.00000,LOW,false,false,false,false,
661,2026-09-11T20:23:11.956658+00:00,66.100333,boot_safe,0.000000,0.00000,0.000000,0.00000,LOW,false,false,false,false,
662,2026-09-11T20:23:12.056311+00:00,66.200287,boot_safe,0.000000,0.00000,0.000000,0.00000,LOW,false,false,false,false,
663,2026-09-11T20:23:12.156793+00:00,66.300409,boot_safe,0.000000,0.00000,0.000000,0.00000,LOW,false,false,false,false,
664,2026-09-11T20:23:12.256344+00:00,66.400307,boot_safe,0.000000,0.00000,0.000000,0.00000,LOW,false,false,false,false,
665,2026-09-11T20:23:12.356607+00:00,66.500309,boot_safe,0.000000,0.00000,0.000000,0.00000,LOW,false,false,false,false,
666,2026-09-11T20:23:12.456305+00:00,66.600278,boot_safe,0.000000,0.00000,0.000000,0.00000,LOW,false,false,false,false,
667,2026-09-11T20:23:12.556620+00:00,66.700314,boot_safe,0.000000,0.00000,0.000000,0.00000,LOW,false,false,false,false,
668,2026-09-11T20:23:12.656307+00:00,66.800283,boot_safe,0.000000,0.00000,0.000000,0.00000,LOW,false,false,false,false,
669,2026-09-11T20:23:12.756608+00:00,66.900304,boot_safe,0.000000,0.00000,0.000000,0.00000,LOW,false,false,false,false,
670,2026-09-11T20:23:12.856305+00:00,67.000283,boot_safe,0.000000,0.00000,0.000000,0.00000,LOW,false,false,false,false,
671,2026-09-11T20:23:12.956605+00:00,67.100306,boot_safe,0.000000,0.00000,0.000000,0.00000,LOW,false,false,false,false,
672,2026-09-11T20:23:13.056312+00:00,67.200285,boot_safe,0.000000,0.00000,0.000000,0.00000,LOW,false,false,false,false,
673,2026-09-11T20:23:13.156609+00:00,67.300307,boot_safe,0.000000,0.00000,0.000000,0.00000,LOW,false,false,false,false,
674,2026-09-11T20:23:13.256312+00:00,67.400282,boot_safe,0.000000,0.00000,0.000000,0.00000,LOW,false,false,false,false,
675,2026-09-11T20:23:13.356600+00:00,67.500305,boot_safe,0.000000,0.00000,0.000000,0.00000,LOW,false,false,false,false,
676,2026-09-11T20:23:13.456490+00:00,67.600387,boot_safe,0.000000,0.00000,0.000000,0.00000,LOW,false,false,false,false,
677,2026-09-11T20:23:13.556670+00:00,67.700345,boot_safe,0.000000,0.00000,0.000000,0.00000,LOW,false,false,false,false,
678,2026-09-11T20:23:13.656330+00:00,67.800294,boot_safe,0.000000,0.00000,0.000000,0.00000,LOW,false,false,false,false,
679,2026-09-11T20:23:13.756696+00:00,67.900347,boot_safe,0.000000,0.00000,0.000000,0.00000,LOW,false,false,false,false,
680,2026-09-11T20:23:13.856329+00:00,68.000301,boot_safe,0.000000,0.00000,0.000000,0.00000,LOW,false,false,false,false,
681,2026-09-11T20:23:13.956607+00:00,68.100306,boot_safe,0.000000,0.00000,0.000000,0.00000,LOW,false,false,false,false,
682,2026-09-11T20:23:14.056311+00:00,68.200284,boot_safe,0.000000,0.00000,0.000000,0.00000,LOW,false,false,false,false,
683,2026-09-11T20:23:14.156604+00:00,68.300305,boot_safe,0.000000,0.00000,0.000000,0.00000,LOW,false,false,false,false,
684,2026-09-11T20:23:14.256321+00:00,68.400284,boot_safe,0.000000,0.00000,0.000000,0.00000,LOW,false,false,false,false,
685,2026-09-11T20:23:14.356629+00:00,68.500310,boot_safe,0.000000,0.00000,0.000000,0.00000,LOW,false,false,false,false,
686,2026-09-11T20:23:14.456290+00:00,68.600274,boot_safe,0.000000,0.00000,0.000000,0.00000,LOW,false,false,false,false,
687,2026-09-11T20:23:14.556615+00:00,68.700305,boot_safe,0.000000,0.00000,0.000000,0.00000,LOW,false,false,false,false,
688,2026-09-11T20:23:14.656419+00:00,68.800312,boot_safe,0.000000,0.00000,0.000000,0.00000,LOW,false,false,false,false,
689,2026-09-11T20:23:14.756531+00:00,68.900279,boot_safe,0.000000,0.00000,0.000000,0.00000,LOW,false,false,false,false,
690,2026-09-11T20:23:14.856502+00:00,69.000399,boot_safe,0.000000,0.00000,0.000000,0.00000,LOW,false,false,false,false,
691,2026-09-11T20:23:14.956527+00:00,69.100279,boot_safe,0.000000,0.00000,0.000000,0.00000,LOW,false,false,false,false,
692,2026-09-11T20:23:15.056411+00:00,69.200303,boot_safe,0.000000,0.00000,0.000000,0.00000,LOW,false,false,false,false,
693,2026-09-11T20:23:15.156520+00:00,69.300273,boot_safe,0.000000,0.00000,0.000000,0.00000,LOW,false,false,false,false,
694,2026-09-11T20:23:15.256412+00:00,69.400307,boot_safe,0.000000,0.00000,0.000000,0.00000,LOW,false,false,false,false,
695,2026-09-11T20:23:15.356534+00:00,69.500281,boot_safe,0.000000,0.00000,0.000000,0.00000,LOW,false,false,false,false,
696,2026-09-11T20:23:15.456455+00:00,69.600329,boot_safe,0.000000,0.00000,0.000000,0.00000,LOW,false,false,false,false,
697,2026-09-11T20:23:15.556525+00:00,69.700281,boot_safe,0.000000,0.00000,0.000000,0.00000,LOW,false,false,false,false,
698,2026-09-11T20:23:15.656413+00:00,69.800310,boot_safe,0.000000,0.00000,0.000000,0.00000,LOW,false,false,false,false,
699,2026-09-11T20:23:15.756544+00:00,69.900282,boot_safe,0.000000,0.00000,0.000000,0.00000,LOW,false,false,false,false,
700,2026-09-11T20:23:15.856403+00:00,70.000302,boot_safe,0.000000,0.00000,0.000000,0.00000,LOW,false,false,false,false,
701,2026-09-11T20:23:15.956524+00:00,70.100273,boot_safe,0.000000,0.00000,0.000000,0.00000,LOW,false,false,false,false,
702,2026-09-11T20:23:16.056408+00:00,70.200306,boot_safe,0.000000,0.00000,0.000000,0.00000,LOW,false,false,false,false,
703,2026-09-11T20:23:16.156502+00:00,70.300269,boot_safe,0.000000,0.00000,0.000000,0.00000,LOW,false,false,false,false,
704,2026-09-11T20:23:16.256405+00:00,70.400300,boot_safe,0.000000,0.00000,0.000000,0.00000,LOW,false,false,false,false,
705,2026-09-11T20:23:16.356517+00:00,70.500274,boot_safe,0.000000,0.00000,0.000000,0.00000,LOW,false,false,false,false,
706,2026-09-11T20:23:16.456621+00:00,70.600422,boot_safe,0.000000,0.00000,0.000000,0.00000,LOW,false,false,false,false,
707,2026-09-11T20:23:16.556545+00:00,70.700296,boot_safe,0.000000,0.00000,0.000000,0.00000,LOW,false,false,false,false,
708,2026-09-11T20:23:16.656413+00:00,70.800314,boot_safe,0.000000,0.00000,0.000000,0.00000,LOW,false,false,false,false,
709,2026-09-11T20:23:16.756516+00:00,70.900281,boot_safe,0.000000,0.00000,0.000000,0.00000,LOW,false,false,false,false,
710,2026-09-11T20:23:16.856414+00:00,71.000307,boot_safe,0.000000,0.00000,0.000000,0.00000,LOW,false,false,false,false,
711,2026-09-11T20:23:16.956558+00:00,71.100271,boot_safe,0.000000,0.00000,0.000000,0.00000,LOW,false,false,false,false,
712,2026-09-11T20:23:17.056482+00:00,71.200321,boot_safe,0.000000,0.00000,0.000000,0.00000,LOW,false,false,false,false,
713,2026-09-11T20:23:17.156489+00:00,71.300284,boot_safe,0.000000,0.00000,0.000000,0.00000,LOW,false,false,false,false,
714,2026-09-11T20:23:17.256680+00:00,71.400384,boot_safe,0.000000,0.00000,0.000000,0.00000,LOW,false,false,false,false,
715,2026-09-11T20:23:17.356534+00:00,71.500297,boot_safe,0.000000,0.00000,0.000000,0.00000,LOW,false,false,false,false,
716,2026-09-11T20:23:17.456631+00:00,71.600312,boot_safe,0.000000,0.00000,0.000000,0.00000,LOW,false,false,false,false,
717,2026-09-11T20:23:17.556483+00:00,71.700278,boot_safe,0.000000,0.00000,0.000000,0.00000,LOW,false,false,false,false,
718,2026-09-11T20:23:17.656539+00:00,71.800310,boot_safe,0.000000,0.00000,0.000000,0.00000,LOW,false,false,false,false,
719,2026-09-11T20:23:17.756399+00:00,71.900283,boot_safe,0.000000,0.00000,0.000000,0.00000,LOW,false,false,false,false,
720,2026-09-11T20:23:17.856530+00:00,72.000307,boot_safe,0.000000,0.00000,0.000000,0.00000,LOW,false,false,false,false,
721,2026-09-11T20:23:17.956379+00:00,72.100275,boot_safe,0.000000,0.00000,0.000000,0.00000,LOW,false,false,false,false,
722,2026-09-11T20:23:18.056535+00:00,72.200304,boot_safe,0.000000,0.00000,0.000000,0.00000,LOW,false,false,false,false,
723,2026-09-11T20:23:18.156376+00:00,72.300275,boot_safe,0.000000,0.00000,0.000000,0.00000,LOW,false,false,false,false,
724,2026-09-11T20:23:18.256533+00:00,72.400304,boot_safe,0.000000,0.00000,0.000000,0.00000,LOW,false,false,false,false,
725,2026-09-11T20:23:18.356389+00:00,72.500276,boot_safe,0.000000,0.00000,0.000000,0.00000,LOW,false,false,false,false,
726,2026-09-11T20:23:18.456536+00:00,72.600305,boot_safe,0.000000,0.00000,0.000000,0.00000,LOW,false,false,false,false,
727,2026-09-11T20:23:18.556377+00:00,72.700273,boot_safe,0.000000,0.00000,0.000000,0.00000,LOW,false,false,false,false,
728,2026-09-11T20:23:18.656528+00:00,72.800305,boot_safe,0.000000,0.00000,0.000000,0.00000,LOW,false,false,false,false,
729,2026-09-11T20:23:18.756390+00:00,72.900279,boot_safe,0.000000,0.00000,0.000000,0.00000,LOW,false,false,false,false,
730,2026-09-11T20:23:18.856531+00:00,73.000304,boot_safe,0.000000,0.00000,0.000000,0.00000,LOW,false,false,false,false,
731,2026-09-11T20:23:18.956377+00:00,73.100275,boot_safe,0.000000,0.00000,0.000000,0.00000,LOW,false,false,false,false,
732,2026-09-11T20:23:19.056540+00:00,73.200307,boot_safe,0.000000,0.00000,0.000000,0.00000,LOW,false,false,false,false,
733,2026-09-11T20:23:19.156384+00:00,73.300280,boot_safe,0.000000,0.00000,0.000000,0.00000,LOW,false,false,false,false,
734,2026-09-11T20:23:19.256555+00:00,73.400311,boot_safe,0.000000,0.00000,0.000000,0.00000,LOW,false,false,false,false,
735,2026-09-11T20:23:19.356375+00:00,73.500278,boot_safe,0.000000,0.00000,0.000000,0.00000,LOW,false,false,false,false,
736,2026-09-11T20:23:19.456642+00:00,73.600335,boot_safe,0.000000,0.00000,0.000000,0.00000,LOW,false,false,false,false,
737,2026-09-11T20:23:19.556305+00:00,73.700281,boot_safe,0.000000,0.00000,0.000000,0.00000,LOW,false,false,false,false,
738,2026-09-11T20:23:19.656807+00:00,73.800421,boot_safe,0.000000,0.00000,0.000000,0.00000,LOW,false,false,false,false,
739,2026-09-11T20:23:19.756339+00:00,73.900308,boot_safe,0.000000,0.00000,0.000000,0.00000,LOW,false,false,false,false,
740,2026-09-11T20:23:19.856778+00:00,74.000349,boot_safe,0.000000,0.00000,0.000000,0.00000,LOW,false,false,false,false,
741,2026-09-11T20:23:19.956320+00:00,74.100294,boot_safe,0.000000,0.00000,0.000000,0.00000,LOW,false,false,false,false,
742,2026-09-11T20:23:20.056656+00:00,74.200332,boot_safe,0.000000,0.00000,0.000000,0.00000,LOW,false,false,false,false,
743,2026-09-11T20:23:20.156312+00:00,74.300291,boot_safe,0.000000,0.00000,0.000000,0.00000,LOW,false,false,false,false,
744,2026-09-11T20:23:20.256609+00:00,74.400309,boot_safe,0.000000,0.00000,0.000000,0.00000,LOW,false,false,false,false,
745,2026-09-11T20:23:20.356294+00:00,74.500280,boot_safe,0.000000,0.00000,0.000000,0.00000,LOW,false,false,false,false,
746,2026-09-11T20:23:20.456614+00:00,74.600310,boot_safe,0.000000,0.00000,0.000000,0.00000,LOW,false,false,false,false,
747,2026-09-11T20:23:20.556304+00:00,74.700285,boot_safe,0.000000,0.00000,0.000000,0.00000,LOW,false,false,false,false,
748,2026-09-11T20:23:20.656609+00:00,74.800307,boot_safe,0.000000,0.00000,0.000000,0.00000,LOW,false,false,false,false,
749,2026-09-11T20:23:20.756315+00:00,74.900283,boot_safe,0.000000,0.00000,0.000000,0.00000,LOW,false,false,false,false,
750,2026-09-11T20:23:20.856621+00:00,75.000317,boot_safe,0.000000,0.00000,0.000000,0.00000,LOW,false,false,false,false,
751,2026-09-11T20:23:20.956314+00:00,75.100286,boot_safe,0.000000,0.00000,0.000000,0.00000,LOW,false,false,false,false,
752,2026-09-11T20:23:21.056608+00:00,75.200307,boot_safe,0.000000,0.00000,0.000000,0.00000,LOW,false,false,false,false,
753,2026-09-11T20:23:21.156295+00:00,75.300280,boot_safe,0.000000,0.00000,0.000000,0.00000,LOW,false,false,false,false,
754,2026-09-11T20:23:21.256610+00:00,75.400308,boot_safe,0.000000,0.00000,0.000000,0.00000,LOW,false,false,false,false,
755,2026-09-11T20:23:21.356298+00:00,75.500277,boot_safe,0.000000,0.00000,0.000000,0.00000,LOW,false,false,false,false,
756,2026-09-11T20:23:21.456609+00:00,75.600307,boot_safe,0.000000,0.00000,0.000000,0.00000,LOW,false,false,false,false,
757,2026-09-11T20:23:21.556303+00:00,75.700282,boot_safe,0.000000,0.00000,0.000000,0.00000,LOW,false,false,false,false,
758,2026-09-11T20:23:21.656615+00:00,75.800315,boot_safe,0.000000,0.00000,0.000000,0.00000,LOW,false,false,false,false,
759,2026-09-11T20:23:21.756314+00:00,75.900285,boot_safe,0.000000,0.00000,0.000000,0.00000,LOW,false,false,false,false,
760,2026-09-11T20:23:21.856626+00:00,76.000317,boot_safe,0.000000,0.00000,0.000000,0.00000,LOW,false,false,false,false,
761,2026-09-11T20:23:21.956312+00:00,76.100281,boot_safe,0.000000,0.00000,0.000000,0.00000,LOW,false,false,false,false,
762,2026-09-11T20:23:22.056623+00:00,76.200316,boot_safe,0.000000,0.00000,0.000000,0.00000,LOW,false,false,false,false,
763,2026-09-11T20:23:22.156307+00:00,76.300279,boot_safe,0.000000,0.00000,0.000000,0.00000,LOW,false,false,false,false,
764,2026-09-11T20:23:22.256618+00:00,76.400312,boot_safe,0.000000,0.00000,0.000000,0.00000,LOW,false,false,false,false,
765,2026-09-11T20:23:22.356449+00:00,76.500355,boot_safe,0.000000,0.00000,0.000000,0.00000,LOW,false,false,false,false,
766,2026-09-11T20:23:22.456839+00:00,76.600445,boot_safe,0.000000,0.00000,0.000000,0.00000,LOW,false,false,false,false,
767,2026-09-11T20:23:22.556345+00:00,76.700307,boot_safe,0.000000,0.00000,0.000000,0.00000,LOW,false,false,false,false,
768,2026-09-11T20:23:22.656689+00:00,76.800330,boot_safe,0.000000,0.00000,0.000000,0.00000,LOW,false,false,false,false,
769,2026-09-11T20:23:22.756652+00:00,76.900339,boot_safe,0.000000,0.00000,0.000000,0.00000,LOW,false,false,false,false,
770,2026-09-11T20:23:22.856336+00:00,77.000299,boot_safe,0.000000,0.00000,0.000000,0.00000,LOW,false,false,false,false,
771,2026-09-11T20:23:22.956822+00:00,77.100434,boot_safe,0.000000,0.00000,0.000000,0.00000,LOW,false,false,false,false,
772,2026-09-11T20:23:23.056656+00:00,77.200340,boot_safe,0.000000,0.00000,0.000000,0.00000,LOW,false,false,false,false,
773,2026-09-11T20:23:23.156312+00:00,77.300289,boot_safe,0.000000,0.00000,0.000000,0.00000,LOW,false,false,false,false,
774,2026-09-11T20:23:23.256798+00:00,77.400416,boot_safe,0.000000,0.00000,0.000000,0.00000,LOW,false,false,false,false,
775,2026-09-11T20:23:23.356336+00:00,77.500308,boot_safe,0.000000,0.00000,0.000000,0.00000,LOW,false,false,false,false,
776,2026-09-11T20:23:23.456784+00:00,77.600369,boot_safe,0.000000,0.00000,0.000000,0.00000,LOW,false,false,false,false,
777,2026-09-11T20:23:23.556469+00:00,77.700330,boot_safe,0.000000,0.00000,0.000000,0.00000,LOW,false,false,false,false,
778,2026-09-11T20:23:23.656454+00:00,77.800320,boot_safe,0.000000,0.00000,0.000000,0.00000,LOW,false,false,false,false,
779,2026-09-11T20:23:23.756818+00:00,77.900431,boot_safe,0.000000,0.00000,0.000000,0.00000,LOW,false,false,false,false,
780,2026-09-11T20:23:23.856708+00:00,78.000361,boot_safe,0.000000,0.00000,0.000000,0.00000,LOW,false,false,false,false,
781,2026-09-11T20:23:23.956692+00:00,78.100359,boot_safe,0.000000,0.00000,0.000000,0.00000,LOW,false,false,false,false,
782,2026-09-11T20:23:24.056616+00:00,78.200317,boot_safe,0.000000,0.00000,0.000000,0.00000,LOW,false,false,false,false,
783,2026-09-11T20:23:24.156522+00:00,78.300409,boot_safe,0.000000,0.00000,0.000000,0.00000,LOW,false,false,false,false,
784,2026-09-11T20:23:24.256823+00:00,78.400435,boot_safe,0.000000,0.00000,0.000000,0.00000,LOW,false,false,false,false,
785,2026-09-11T20:23:24.356512+00:00,78.500398,boot_safe,0.000000,0.00000,0.000000,0.00000,LOW,false,false,false,false,
786,2026-09-11T20:23:24.456638+00:00,78.600327,boot_safe,0.000000,0.00000,0.000000,0.00000,LOW,false,false,false,false,
787,2026-09-11T20:23:24.556319+00:00,78.700286,boot_safe,0.000000,0.00000,0.000000,0.00000,LOW,false,false,false,false,
788,2026-09-11T20:23:24.656669+00:00,78.800335,boot_safe,0.000000,0.00000,0.000000,0.00000,LOW,false,false,false,false,
789,2026-09-11T20:23:24.756393+00:00,78.900308,boot_safe,0.000000,0.00000,0.000000,0.00000,LOW,false,false,false,false,
790,2026-09-11T20:23:24.856699+00:00,79.000344,boot_safe,0.000000,0.00000,0.000000,0.00000,LOW,false,false,false,false,
791,2026-09-11T20:23:24.956411+00:00,79.100308,boot_safe,0.000000,0.00000,0.000000,0.00000,LOW,false,false,false,false,
792,2026-09-11T20:23:25.056628+00:00,79.200319,boot_safe,0.000000,0.00000,0.000000,0.00000,LOW,false,false,false,false,
793,2026-09-11T20:23:25.156317+00:00,79.300287,boot_safe,0.000000,0.00000,0.000000,0.00000,LOW,false,false,false,false,
794,2026-09-11T20:23:25.256609+00:00,79.400304,boot_safe,0.000000,0.00000,0.000000,0.00000,LOW,false,false,false,false,
795,2026-09-11T20:23:25.356491+00:00,79.500388,boot_safe,0.000000,0.00000,0.000000,0.00000,LOW,false,false,false,false,
796,2026-09-11T20:23:25.456634+00:00,79.600334,boot_safe,0.000000,0.00000,0.000000,0.00000,LOW,false,false,false,false,
797,2026-09-11T20:23:25.556497+00:00,79.700388,boot_safe,0.000000,0.00000,0.000000,0.00000,LOW,false,false,false,false,
798,2026-09-11T20:23:25.656702+00:00,79.800355,boot_safe,0.000000,0.00000,0.000000,0.00000,LOW,false,false,false,false,
799,2026-09-11T20:23:25.756332+00:00,79.900298,boot_safe,0.000000,0.00000,0.000000,0.00000,LOW,false,false,false,false,
800,2026-09-11T20:23:25.856704+00:00,80.000344,boot_safe,0.000000,0.00000,0.000000,0.00000,LOW,false,false,false,false,
801,2026-09-11T20:23:25.956495+00:00,80.100393,boot_safe,0.000000,0.00000,0.000000,0.00000,LOW,false,false,false,false,
802,2026-09-11T20:23:26.056665+00:00,80.200346,boot_safe,0.000000,0.00000,0.000000,0.00000,LOW,false,false,false,false,
803,2026-09-11T20:23:26.156311+00:00,80.300287,boot_safe,0.000000,0.00000,0.000000,0.00000,LOW,false,false,false,false,
804,2026-09-11T20:23:26.256614+00:00,80.400308,boot_safe,0.000000,0.00000,0.000000,0.00000,LOW,false,false,false,false,
805,2026-09-11T20:23:26.356292+00:00,80.500277,boot_safe,0.000000,0.00000,0.000000,0.00000,LOW,false,false,false,false,
806,2026-09-11T20:23:26.456660+00:00,80.600334,boot_safe,0.000000,0.00000,0.000000,0.00000,LOW,false,false,false,false,
807,2026-09-11T20:23:26.556304+00:00,80.700283,boot_safe,0.000000,0.00000,0.000000,0.00000,LOW,false,false,false,false,
808,2026-09-11T20:23:26.656615+00:00,80.800309,boot_safe,0.000000,0.00000,0.000000,0.00000,LOW,false,false,false,false,
809,2026-09-11T20:23:26.756309+00:00,80.900283,boot_safe,0.000000,0.00000,0.000000,0.00000,LOW,false,false,false,false,
810,2026-09-11T20:23:26.856636+00:00,81.000314,boot_safe,0.000000,0.00000,0.000000,0.00000,LOW,false,false,false,false,
811,2026-09-11T20:23:26.956340+00:00,81.100300,boot_safe,0.000000,0.00000,0.000000,0.00000,LOW,false,false,false,false,
812,2026-09-11T20:23:27.056790+00:00,81.200406,boot_safe,0.000000,0.00000,0.000000,0.00000,LOW,false,false,false,false,
813,2026-09-11T20:23:27.156397+00:00,81.300300,boot_safe,0.000000,0.00000,0.000000,0.00000,LOW,false,false,false,false,
814,2026-09-11T20:23:27.256780+00:00,81.400404,boot_safe,0.000000,0.00000,0.000000,0.00000,LOW,false,false,false,false,
815,2026-09-11T20:23:27.356357+00:00,81.500314,boot_safe,0.000000,0.00000,0.000000,0.00000,LOW,false,false,false,false,
816,2026-09-11T20:23:27.456950+00:00,81.600710,k1_permit_safe_observed_pass,0.000000,0.00000,0.000000,0.00000,LOW,false,false,false,false,mark:k1_permit_safe_observed_pass
