sample_index,timestamp_utc,elapsed_s,channel,voltage_v,adc_count_derived
0,2026-09-09T11:09:10.099891+00:00,0.000729,A0,0.000000,0
1,2026-09-09T11:09:10.199233+00:00,0.100114,A0,0.000000,0
2,2026-09-09T11:09:10.299103+00:00,0.200085,A0,0.000000,0
3,2026-09-09T11:09:10.399078+00:00,0.300079,A0,0.000000,0
4,2026-09-09T11:09:10.499099+00:00,0.400079,A0,0.000000,0
5,2026-09-09T11:09:10.599066+00:00,0.500079,A0,0.000000,0
6,2026-09-09T11:09:10.699198+00:00,0.600078,A0,0.000000,0
7,2026-09-09T11:09:10.799112+00:00,0.700086,A0,0.000000,0
8,2026-09-09T11:09:10.899071+00:00,0.800079,A0,0.000000,0
9,2026-09-09T11:09:10.999088+00:00,0.900078,A0,0.000000,0
10,2026-09-09T11:09:11.099091+00:00,1.000080,A0,0.000000,0
11,2026-09-09T11:09:11.199085+00:00,1.100078,A0,0.000000,0
12,2026-09-09T11:09:11.299054+00:00,1.200081,A0,0.000000,0
13,2026-09-09T11:09:11.398978+00:00,1.300073,A0,0.000000,0
14,2026-09-09T11:09:11.498954+00:00,1.400069,A0,0.000000,0
15,2026-09-09T11:09:11.598951+00:00,1.500069,A0,0.000000,0
16,2026-09-09T11:09:11.698945+00:00,1.600068,A0,0.000000,0
17,2026-09-09T11:09:11.798947+00:00,1.700068,A0,0.000000,0
18,2026-09-09T11:09:11.898948+00:00,1.800068,A0,0.000000,0
19,2026-09-09T11:09:11.998948+00:00,1.900069,A0,0.000000,0
20,2026-09-09T11:09:12.098947+00:00,2.000069,A0,0.000000,0
21,2026-09-09T11:09:12.198951+00:00,2.100068,A0,0.000000,0
22,2026-09-09T11:09:12.298948+00:00,2.200069,A0,0.000000,0
23,2026-09-09T11:09:12.398957+00:00,2.300069,A0,0.000000,0
24,2026-09-09T11:09:12.498947+00:00,2.400069,A0,0.000000,0
25,2026-09-09T11:09:12.598973+00:00,2.500070,A0,0.000000,0
26,2026-09-09T11:09:12.698961+00:00,2.600070,A0,0.000000,0
27,2026-09-09T11:09:12.798955+00:00,2.700069,A0,0.000000,0
28,2026-09-09T11:09:12.898949+00:00,2.800067,A0,0.000000,0
29,2026-09-09T11:09:12.998948+00:00,2.900068,A0,0.000000,0
30,2026-09-09T11:09:13.098946+00:00,3.000068,A0,0.000000,0
31,2026-09-09T11:09:13.198973+00:00,3.100069,A0,0.000000,0
32,2026-09-09T11:09:13.298947+00:00,3.200069,A0,0.000000,0
33,2026-09-09T11:09:13.398948+00:00,3.300068,A0,0.000000,0
34,2026-09-09T11:09:13.498950+00:00,3.400070,A0,0.000000,0
35,2026-09-09T11:09:13.598948+00:00,3.500068,A0,0.000000,0
36,2026-09-09T11:09:13.698947+00:00,3.600069,A0,0.000000,0
37,2026-09-09T11:09:13.798944+00:00,3.700068,A0,0.000000,0
38,2026-09-09T11:09:13.898945+00:00,3.800068,A0,0.000000,0
39,2026-09-09T11:09:13.998950+00:00,3.900068,A0,0.000000,0
40,2026-09-09T11:09:14.098947+00:00,4.000069,A0,0.000000,0
41,2026-09-09T11:09:14.198946+00:00,4.100068,A0,0.000000,0
42,2026-09-09T11:09:14.298948+00:00,4.200068,A0,0.000000,0
43,2026-09-09T11:09:14.398944+00:00,4.300068,A0,0.000000,0
44,2026-09-09T11:09:14.498955+00:00,4.400068,A0,0.000000,0
45,2026-09-09T11:09:14.598949+00:00,4.500070,A0,0.000000,0
46,2026-09-09T11:09:14.698947+00:00,4.600069,A0,0.000000,0
47,2026-09-09T11:09:14.798958+00:00,4.700069,A0,0.000000,0
48,2026-09-09T11:09:14.899674+00:00,4.800091,A0,0.000000,0
49,2026-09-09T11:09:14.999672+00:00,4.900093,A0,0.000000,0
50,2026-09-09T11:09:15.099681+00:00,5.000093,A0,0.000000,0
51,2026-09-09T11:09:15.199783+00:00,5.100112,A0,0.000000,0
52,2026-09-09T11:09:15.299703+00:00,5.200108,A0,0.000000,0
53,2026-09-09T11:09:15.399681+00:00,5.300093,A0,0.000000,0
54,2026-09-09T11:09:15.499677+00:00,5.400092,A0,0.000000,0
55,2026-09-09T11:09:15.599848+00:00,5.500104,A0,0.000000,0
56,2026-09-09T11:09:15.699693+00:00,5.600097,A0,0.000000,0
57,2026-09-09T11:09:15.799693+00:00,5.700095,A0,0.000000,0
58,2026-09-09T11:09:15.899714+00:00,5.800094,A0,0.000000,0
59,2026-09-09T11:09:15.999701+00:00,5.900095,A0,0.000000,0
60,2026-09-09T11:09:16.099707+00:00,6.000095,A0,0.000000,0
61,2026-09-09T11:09:16.199950+00:00,6.100121,A0,0.000000,0
62,2026-09-09T11:09:16.299687+00:00,6.200097,A0,0.000000,0
63,2026-09-09T11:09:16.399671+00:00,6.300093,A0,0.000000,0
64,2026-09-09T11:09:16.499680+00:00,6.400096,A0,0.000000,0
65,2026-09-09T11:09:16.599687+00:00,6.500108,A0,0.000000,0
66,2026-09-09T11:09:16.699661+00:00,6.600093,A0,0.000000,0
67,2026-09-09T11:09:16.799668+00:00,6.700092,A0,0.000000,0
68,2026-09-09T11:09:16.899693+00:00,6.800093,A0,0.000000,0
69,2026-09-09T11:09:16.999668+00:00,6.900090,A0,0.000000,0
70,2026-09-09T11:09:17.099667+00:00,7.000093,A0,0.000000,0
71,2026-09-09T11:09:17.199712+00:00,7.100094,A0,0.000000,0
72,2026-09-09T11:09:17.299690+00:00,7.200093,A0,0.000000,0
73,2026-09-09T11:09:17.399668+00:00,7.300093,A0,0.000000,0
74,2026-09-09T11:09:17.499668+00:00,7.400091,A0,0.000000,0
75,2026-09-09T11:09:17.599669+00:00,7.500091,A0,0.000000,0
76,2026-09-09T11:09:17.699683+00:00,7.600107,A0,0.000000,0
77,2026-09-09T11:09:17.799702+00:00,7.700127,A0,0.000000,0
78,2026-09-09T11:09:17.899699+00:00,7.800127,A0,0.000000,0
79,2026-09-09T11:09:17.999705+00:00,7.900129,A0,0.000000,0
80,2026-09-09T11:09:18.099666+00:00,8.000092,A0,0.000000,0
81,2026-09-09T11:09:18.199664+00:00,8.100092,A0,0.000000,0
82,2026-09-09T11:09:18.299661+00:00,8.200093,A0,0.000000,0
83,2026-09-09T11:09:18.399680+00:00,8.300093,A0,0.000000,0
84,2026-09-09T11:09:18.499700+00:00,8.400093,A0,0.000000,0
85,2026-09-09T11:09:18.599685+00:00,8.500092,A0,0.000000,0
86,2026-09-09T11:09:18.699696+00:00,8.600093,A0,0.000000,0
87,2026-09-09T11:09:18.799696+00:00,8.700093,A0,0.000000,0
88,2026-09-09T11:09:18.899672+00:00,8.800093,A0,0.000000,0
89,2026-09-09T11:09:18.999666+00:00,8.900093,A0,0.000000,0
90,2026-09-09T11:09:19.099674+00:00,9.000093,A0,0.000000,0
91,2026-09-09T11:09:19.199664+00:00,9.100092,A0,0.000000,0
92,2026-09-09T11:09:19.299664+00:00,9.200092,A0,0.000000,0
93,2026-09-09T11:09:19.399670+00:00,9.300091,A0,0.000000,0
94,2026-09-09T11:09:19.499681+00:00,9.400108,A0,0.000000,0
95,2026-09-09T11:09:19.599674+00:00,9.500092,A0,0.000000,0
96,2026-09-09T11:09:19.699668+00:00,9.600094,A0,0.000000,0
97,2026-09-09T11:09:19.799676+00:00,9.700090,A0,0.000000,0
98,2026-09-09T11:09:19.899702+00:00,9.800092,A0,0.000000,0
99,2026-09-09T11:09:19.999682+00:00,9.900093,A0,0.000000,0
100,2026-09-09T11:09:20.099710+00:00,10.000098,A0,0.000000,0
101,2026-09-09T11:09:20.199700+00:00,10.100095,A0,0.000000,0
102,2026-09-09T11:09:20.299774+00:00,10.200099,A0,0.000000,0
103,2026-09-09T11:09:20.399687+00:00,10.300094,A0,0.000000,0
104,2026-09-09T11:09:20.499673+00:00,10.400092,A0,0.000000,0
105,2026-09-09T11:09:20.599683+00:00,10.500092,A0,0.000000,0
106,2026-09-09T11:09:20.699668+00:00,10.600092,A0,0.000000,0
107,2026-09-09T11:09:20.799667+00:00,10.700093,A0,0.000000,0
108,2026-09-09T11:09:20.899667+00:00,10.800091,A0,0.000000,0
109,2026-09-09T11:09:20.999684+00:00,10.900107,A0,0.000000,0
110,2026-09-09T11:09:21.099684+00:00,11.000106,A0,0.000000,0
111,2026-09-09T11:09:21.199737+00:00,11.100131,A0,0.000000,0
112,2026-09-09T11:09:21.299713+00:00,11.200130,A0,0.000000,0
113,2026-09-09T11:09:21.399668+00:00,11.300092,A0,0.000000,0
114,2026-09-09T11:09:21.499761+00:00,11.400092,A0,0.000000,0
115,2026-09-09T11:09:21.599756+00:00,11.500102,A0,0.000000,0
116,2026-09-09T11:09:21.699713+00:00,11.600094,A0,0.000000,0
117,2026-09-09T11:09:21.799680+00:00,11.700095,A0,0.000000,0
118,2026-09-09T11:09:21.899676+00:00,11.800093,A0,0.000000,0
119,2026-09-09T11:09:21.999670+00:00,11.900092,A0,0.000000,0
120,2026-09-09T11:09:22.099707+00:00,12.000092,A0,0.000000,0
121,2026-09-09T11:09:22.199881+00:00,12.100115,A0,0.000000,0
122,2026-09-09T11:09:22.299731+00:00,12.200098,A0,0.000000,0
123,2026-09-09T11:09:22.399675+00:00,12.300095,A0,0.000000,0
124,2026-09-09T11:09:22.499668+00:00,12.400092,A0,0.000000,0
125,2026-09-09T11:09:22.599670+00:00,12.500092,A0,0.000000,0
126,2026-09-09T11:09:22.699683+00:00,12.600094,A0,0.000000,0
127,2026-09-09T11:09:22.799691+00:00,12.700094,A0,0.000000,0
128,2026-09-09T11:09:22.899693+00:00,12.800106,A0,0.000000,0
129,2026-09-09T11:09:22.999668+00:00,12.900092,A0,0.000000,0
130,2026-09-09T11:09:23.099664+00:00,13.000093,A0,0.000000,0
131,2026-09-09T11:09:23.199671+00:00,13.100092,A0,0.000000,0
132,2026-09-09T11:09:23.299664+00:00,13.200092,A0,0.000000,0
133,2026-09-09T11:09:23.399681+00:00,13.300093,A0,0.000000,0
134,2026-09-09T11:09:23.499676+00:00,13.400091,A0,0.000000,0
135,2026-09-09T11:09:23.599671+00:00,13.500092,A0,0.000000,0
136,2026-09-09T11:09:23.699675+00:00,13.600093,A0,0.000000,0
137,2026-09-09T11:09:23.799682+00:00,13.700093,A0,0.000000,0
138,2026-09-09T11:09:23.899697+00:00,13.800092,A0,0.000000,0
139,2026-09-09T11:09:23.999681+00:00,13.900092,A0,0.000000,0
140,2026-09-09T11:09:24.099703+00:00,14.000093,A0,0.000000,0
141,2026-09-09T11:09:24.199708+00:00,14.100093,A0,0.000000,0
142,2026-09-09T11:09:24.299668+00:00,14.200093,A0,0.000000,0
143,2026-09-09T11:09:24.399665+00:00,14.300092,A0,0.000000,0
144,2026-09-09T11:09:24.499669+00:00,14.400092,A0,0.000000,0
145,2026-09-09T11:09:24.599680+00:00,14.500107,A0,0.000000,0
146,2026-09-09T11:09:24.699687+00:00,14.600104,A0,0.000000,0
147,2026-09-09T11:09:24.799708+00:00,14.700129,A0,0.000000,0
148,2026-09-09T11:09:24.899676+00:00,14.800092,A0,0.000000,0
149,2026-09-09T11:09:24.999669+00:00,14.900093,A0,0.000000,0
150,2026-09-09T11:09:25.099701+00:00,15.000096,A0,0.000000,0
151,2026-09-09T11:09:25.199728+00:00,15.100095,A0,0.000000,0
152,2026-09-09T11:09:25.299675+00:00,15.200096,A0,0.000000,0
153,2026-09-09T11:09:25.399759+00:00,15.300100,A0,0.000000,0
154,2026-09-09T11:09:25.499693+00:00,15.400095,A0,0.000000,0
155,2026-09-09T11:09:25.599677+00:00,15.500093,A0,0.000000,0
156,2026-09-09T11:09:25.699673+00:00,15.600086,A0,0.000000,0
157,2026-09-09T11:09:25.799684+00:00,15.700106,A0,0.000000,0
158,2026-09-09T11:09:25.899704+00:00,15.800128,A0,0.000000,0
159,2026-09-09T11:09:25.999678+00:00,15.900085,A0,0.000000,0
160,2026-09-09T11:09:26.099701+00:00,16.000093,A0,0.000000,0
161,2026-09-09T11:09:26.199662+00:00,16.100092,A0,0.000000,0
162,2026-09-09T11:09:26.299668+00:00,16.200092,A0,0.000000,0
163,2026-09-09T11:09:26.399668+00:00,16.300094,A0,0.000000,0
164,2026-09-09T11:09:26.499666+00:00,16.400085,A0,0.000000,0
165,2026-09-09T11:09:26.599667+00:00,16.500092,A0,0.000000,0
166,2026-09-09T11:09:26.699688+00:00,16.600091,A0,0.000000,0
167,2026-09-09T11:09:26.799687+00:00,16.700092,A0,0.000000,0
168,2026-09-09T11:09:26.899670+00:00,16.800093,A0,0.000000,0
169,2026-09-09T11:09:26.999671+00:00,16.900092,A0,0.000000,0
170,2026-09-09T11:09:27.099660+00:00,17.000091,A0,0.000000,0
171,2026-09-09T11:09:27.199675+00:00,17.100106,A0,0.000000,0
172,2026-09-09T11:09:27.299703+00:00,17.200124,A0,0.000000,0
173,2026-09-09T11:09:27.399701+00:00,17.300128,A0,0.000000,0
174,2026-09-09T11:09:27.499875+00:00,17.400100,A0,0.000000,0
175,2026-09-09T11:09:27.599691+00:00,17.500096,A0,0.000000,0
176,2026-09-09T11:09:27.699702+00:00,17.600094,A0,0.000000,0
177,2026-09-09T11:09:27.799683+00:00,17.700094,A0,0.000000,0
178,2026-09-09T11:09:27.899673+00:00,17.800093,A0,0.000000,0
179,2026-09-09T11:09:27.999678+00:00,17.900093,A0,0.000000,0
180,2026-09-09T11:09:28.099682+00:00,18.000091,A0,0.000000,0
181,2026-09-09T11:09:28.199930+00:00,18.100122,A0,0.000000,0
182,2026-09-09T11:09:28.299735+00:00,18.200099,A0,0.000000,0
183,2026-09-09T11:09:28.399667+00:00,18.300093,A0,0.000000,0
184,2026-09-09T11:09:28.499669+00:00,18.400092,A0,0.000000,0
185,2026-09-09T11:09:28.599672+00:00,18.500092,A0,0.000000,0
186,2026-09-09T11:09:28.699682+00:00,18.600106,A0,0.000000,0
187,2026-09-09T11:09:28.799696+00:00,18.700107,A0,0.000000,0
188,2026-09-09T11:09:28.899679+00:00,18.800085,A0,0.000000,0
189,2026-09-09T11:09:28.999668+00:00,18.900093,A0,0.000000,0
190,2026-09-09T11:09:29.099670+00:00,19.000094,A0,0.000000,0
191,2026-09-09T11:09:29.199707+00:00,19.100094,A0,0.000000,0
192,2026-09-09T11:09:29.299705+00:00,19.200094,A0,0.000000,0
193,2026-09-09T11:09:29.399666+00:00,19.300092,A0,0.000000,0
194,2026-09-09T11:09:29.499667+00:00,19.400092,A0,0.000000,0
195,2026-09-09T11:09:29.599662+00:00,19.500091,A0,0.000000,0
196,2026-09-09T11:09:29.699679+00:00,19.600106,A0,0.000000,0
197,2026-09-09T11:09:29.799687+00:00,19.700088,A0,0.000000,0
198,2026-09-09T11:09:29.899666+00:00,19.800094,A0,0.000000,0
199,2026-09-09T11:09:29.999664+00:00,19.900092,A0,0.000000,0
200,2026-09-09T11:09:30.099664+00:00,20.000092,A0,0.000000,0
201,2026-09-09T11:09:30.199917+00:00,20.100117,A0,0.000000,0
202,2026-09-09T11:09:30.299687+00:00,20.200099,A0,0.000000,0
203,2026-09-09T11:09:30.399668+00:00,20.300093,A0,0.000000,0
204,2026-09-09T11:09:30.499761+00:00,20.400099,A0,0.000000,0
205,2026-09-09T11:09:30.599682+00:00,20.500093,A0,0.000000,0
206,2026-09-09T11:09:30.699682+00:00,20.600108,A0,0.000000,0
207,2026-09-09T11:09:30.799673+00:00,20.700092,A0,0.000000,0
208,2026-09-09T11:09:30.899673+00:00,20.800092,A0,0.000000,0
209,2026-09-09T11:09:30.999683+00:00,20.900093,A0,0.000000,0
210,2026-09-09T11:09:31.099672+00:00,21.000093,A0,0.000000,0
211,2026-09-09T11:09:31.199667+00:00,21.100092,A0,0.000000,0
212,2026-09-09T11:09:31.299673+00:00,21.200093,A0,0.000000,0
213,2026-09-09T11:09:31.399670+00:00,21.300092,A0,0.000000,0
214,2026-09-09T11:09:31.499669+00:00,21.400092,A0,0.000000,0
215,2026-09-09T11:09:31.599914+00:00,21.500130,A0,0.000000,0
216,2026-09-09T11:09:31.699695+00:00,21.600099,A0,0.000000,0
217,2026-09-09T11:09:31.799672+00:00,21.700093,A0,0.000000,0
218,2026-09-09T11:09:31.899698+00:00,21.800096,A0,0.000000,0
219,2026-09-09T11:09:31.999690+00:00,21.900094,A0,0.000000,0
220,2026-09-09T11:09:32.099670+00:00,22.000094,A0,0.000000,0
221,2026-09-09T11:09:32.199663+00:00,22.100090,A0,0.000000,0
222,2026-09-09T11:09:32.299663+00:00,22.200092,A0,0.000000,0
223,2026-09-09T11:09:32.399668+00:00,22.300093,A0,0.000000,0
224,2026-09-09T11:09:32.499683+00:00,22.400108,A0,0.000000,0
225,2026-09-09T11:09:32.599698+00:00,22.500126,A0,0.000000,0
226,2026-09-09T11:09:32.699700+00:00,22.600127,A0,0.000000,0
227,2026-09-09T11:09:32.799698+00:00,22.700127,A0,0.000000,0
228,2026-09-09T11:09:32.899687+00:00,22.800104,A0,0.000000,0
229,2026-09-09T11:09:32.999691+00:00,22.900105,A0,0.000000,0
230,2026-09-09T11:09:33.099713+00:00,23.000107,A0,0.000000,0
231,2026-09-09T11:09:33.199736+00:00,23.100133,A0,0.000000,0
232,2026-09-09T11:09:33.299710+00:00,23.200130,A0,0.000000,0
233,2026-09-09T11:09:33.399703+00:00,23.300128,A0,0.000000,0
234,2026-09-09T11:09:33.499704+00:00,23.400128,A0,0.000000,0
235,2026-09-09T11:09:33.599817+00:00,23.500102,A0,0.000000,0
236,2026-09-09T11:09:33.699729+00:00,23.600097,A0,0.000000,0
237,2026-09-09T11:09:33.799696+00:00,23.700092,A0,0.000000,0
238,2026-09-09T11:09:33.899702+00:00,23.800094,A0,0.000000,0
239,2026-09-09T11:09:33.999684+00:00,23.900094,A0,0.000000,0
240,2026-09-09T11:09:34.099683+00:00,24.000093,A0,0.000000,0
241,2026-09-09T11:09:34.199921+00:00,24.100120,A0,0.000000,0
242,2026-09-09T11:09:34.299730+00:00,24.200097,A0,0.000000,0
243,2026-09-09T11:09:34.399670+00:00,24.300093,A0,0.000000,0
244,2026-09-09T11:09:34.499673+00:00,24.400094,A0,0.000000,0
245,2026-09-09T11:09:34.599668+00:00,24.500092,A0,0.000000,0
246,2026-09-09T11:09:34.699669+00:00,24.600093,A0,0.000000,0
247,2026-09-09T11:09:34.799698+00:00,24.700107,A0,0.000000,0
248,2026-09-09T11:09:34.899699+00:00,24.800128,A0,0.000000,0
249,2026-09-09T11:09:34.999702+00:00,24.900107,A0,0.000000,0
250,2026-09-09T11:09:35.099707+00:00,25.000108,A0,0.000000,0
251,2026-09-09T11:09:35.199708+00:00,25.100128,A0,0.000000,0
252,2026-09-09T11:09:35.299665+00:00,25.200092,A0,0.000000,0
253,2026-09-09T11:09:35.399664+00:00,25.300092,A0,0.000000,0
254,2026-09-09T11:09:35.499664+00:00,25.400091,A0,0.000000,0
255,2026-09-09T11:09:35.599761+00:00,25.500098,A0,0.000000,0
256,2026-09-09T11:09:35.699699+00:00,25.600095,A0,0.000000,0
257,2026-09-09T11:09:35.799672+00:00,25.700093,A0,0.000000,0
258,2026-09-09T11:09:35.899688+00:00,25.800093,A0,0.000000,0
259,2026-09-09T11:09:35.999692+00:00,25.900092,A0,0.000000,0
260,2026-09-09T11:09:36.099699+00:00,26.000092,A0,0.000000,0
261,2026-09-09T11:09:36.199701+00:00,26.100093,A0,0.000000,0
262,2026-09-09T11:09:36.299708+00:00,26.200093,A0,-0.064000,-512
263,2026-09-09T11:09:36.399667+00:00,26.300093,A0,0.000000,0
264,2026-09-09T11:09:36.499667+00:00,26.400091,A0,0.000000,0
265,2026-09-09T11:09:36.599670+00:00,26.500091,A0,-0.002000,-16
266,2026-09-09T11:09:36.699668+00:00,26.600093,A0,0.000000,0
267,2026-09-09T11:09:36.799676+00:00,26.700090,A0,0.000000,0
268,2026-09-09T11:09:36.899683+00:00,26.800108,A0,0.000000,0
269,2026-09-09T11:09:36.999703+00:00,26.900104,A0,0.000000,0
270,2026-09-09T11:09:37.099687+00:00,27.000107,A0,0.000000,0
271,2026-09-09T11:09:37.199727+00:00,27.100130,A0,0.000000,0
272,2026-09-09T11:09:37.299708+00:00,27.200131,A0,0.000000,0
273,2026-09-09T11:09:37.399704+00:00,27.300127,A0,0.000000,0
274,2026-09-09T11:09:37.499706+00:00,27.400129,A0,0.000000,0
275,2026-09-09T11:09:37.599677+00:00,27.500106,A0,0.000000,0
276,2026-09-09T11:09:37.699704+00:00,27.600127,A0,0.000000,0
277,2026-09-09T11:09:37.799704+00:00,27.700126,A0,0.000000,0
278,2026-09-09T11:09:37.899662+00:00,27.800091,A0,0.000000,0
279,2026-09-09T11:09:37.999676+00:00,27.900092,A0,0.000000,0
280,2026-09-09T11:09:38.099669+00:00,28.000094,A0,0.000000,0
281,2026-09-09T11:09:38.199670+00:00,28.100092,A0,0.000000,0
282,2026-09-09T11:09:38.299663+00:00,28.200092,A0,0.000000,0
283,2026-09-09T11:09:38.399677+00:00,28.300089,A0,0.000000,0
284,2026-09-09T11:09:38.499700+00:00,28.400090,A0,0.000000,0
285,2026-09-09T11:09:38.599696+00:00,28.500093,A0,0.000000,0
286,2026-09-09T11:09:38.699697+00:00,28.600092,A0,0.000000,0
287,2026-09-09T11:09:38.799680+00:00,28.700092,A0,0.000000,0
288,2026-09-09T11:09:38.899699+00:00,28.800092,A0,0.000000,0
289,2026-09-09T11:09:38.999690+00:00,28.900092,A0,0.000000,0
290,2026-09-09T11:09:39.099703+00:00,29.000093,A0,0.000000,0
291,2026-09-09T11:09:39.199666+00:00,29.100092,A0,0.000000,0
292,2026-09-09T11:09:39.299666+00:00,29.200091,A0,0.000000,0
293,2026-09-09T11:09:39.399673+00:00,29.300091,A0,0.000000,0
294,2026-09-09T11:09:39.499686+00:00,29.400109,A0,0.000000,0
295,2026-09-09T11:09:39.599860+00:00,29.500120,A0,0.000000,0
296,2026-09-09T11:09:39.699729+00:00,29.600136,A0,0.000000,0
297,2026-09-09T11:09:39.799667+00:00,29.700093,A0,0.000000,0
298,2026-09-09T11:09:39.899708+00:00,29.800095,A0,0.000000,0
299,2026-09-09T11:09:39.999697+00:00,29.900095,A0,0.000000,0
300,2026-09-09T11:09:40.099696+00:00,30.000093,A0,0.000000,0
301,2026-09-09T11:09:40.199961+00:00,30.100122,A0,0.000000,0
302,2026-09-09T11:09:40.299686+00:00,30.200097,A0,0.000000,0
303,2026-09-09T11:09:40.399683+00:00,30.300092,A0,0.000000,0
304,2026-09-09T11:09:40.499697+00:00,30.400092,A0,0.000000,0
305,2026-09-09T11:09:40.599700+00:00,30.500093,A0,0.000000,0
306,2026-09-09T11:09:40.699798+00:00,30.600098,A0,0.000000,0
307,2026-09-09T11:09:40.799698+00:00,30.700096,A0,0.000000,0
308,2026-09-09T11:09:40.899673+00:00,30.800092,A0,-0.002000,-16
309,2026-09-09T11:09:40.999832+00:00,30.900107,A0,-0.002000,-16
310,2026-09-09T11:09:41.099697+00:00,31.000095,A0,-0.002000,-16
311,2026-09-09T11:09:41.199701+00:00,31.100095,A0,-0.100000,-800
312,2026-09-09T11:09:41.299691+00:00,31.200110,A0,-0.002000,-16
313,2026-09-09T11:09:41.399706+00:00,31.300128,A0,0.000000,0
314,2026-09-09T11:09:41.499701+00:00,31.400127,A0,0.000000,0
315,2026-09-09T11:09:41.599704+00:00,31.500125,A0,-0.076000,-608
316,2026-09-09T11:09:41.699711+00:00,31.600131,A0,-0.002000,-16
317,2026-09-09T11:09:41.799665+00:00,31.700092,A0,0.000000,0
318,2026-09-09T11:09:41.899685+00:00,31.800092,A0,-0.018000,-144
319,2026-09-09T11:09:41.999673+00:00,31.900092,A0,0.000000,0
320,2026-09-09T11:09:42.099696+00:00,32.000093,A0,-0.006000,-48
321,2026-09-09T11:09:42.199707+00:00,32.100093,A0,0.000000,0
322,2026-09-09T11:09:42.299665+00:00,32.200092,A0,0.000000,0
323,2026-09-09T11:09:42.399668+00:00,32.300092,A0,0.000000,0
324,2026-09-09T11:09:42.499665+00:00,32.400092,A0,0.000000,0
325,2026-09-09T11:09:42.599665+00:00,32.500090,A0,0.000000,0
326,2026-09-09T11:09:42.699686+00:00,32.600107,A0,0.064000,512
327,2026-09-09T11:09:42.799704+00:00,32.700128,A0,0.534000,4272
328,2026-09-09T11:09:42.899670+00:00,32.800091,A0,0.532000,4256
329,2026-09-09T11:09:42.999668+00:00,32.900093,A0,0.532000,4256
330,2026-09-09T11:09:43.099676+00:00,33.000093,A0,0.494000,3952
331,2026-09-09T11:09:43.199680+00:00,33.100093,A0,0.274000,2192
332,2026-09-09T11:09:43.299719+00:00,33.200095,A0,0.222000,1776
333,2026-09-09T11:09:43.399702+00:00,33.300093,A0,0.028000,224
334,2026-09-09T11:09:43.499667+00:00,33.400093,A0,0.000000,0
335,2026-09-09T11:09:43.599671+00:00,33.500092,A0,-0.154000,-1232
336,2026-09-09T11:09:43.699670+00:00,33.600093,A0,-0.152000,-1216
337,2026-09-09T11:09:43.799668+00:00,33.700092,A0,-0.004000,-32
338,2026-09-09T11:09:43.899673+00:00,33.800092,A0,-0.050000,-400
339,2026-09-09T11:09:43.999683+00:00,33.900106,A0,-0.006000,-48
340,2026-09-09T11:09:44.099685+00:00,34.000107,A0,-0.002000,-16
341,2026-09-09T11:09:44.199695+00:00,34.100107,A0,0.000000,0
342,2026-09-09T11:09:44.299701+00:00,34.200125,A0,-0.154000,-1232
343,2026-09-09T11:09:44.399703+00:00,34.300126,A0,-0.156000,-1248
344,2026-09-09T11:09:44.499701+00:00,34.400127,A0,-0.150000,-1200
345,2026-09-09T11:09:44.599700+00:00,34.500090,A0,-0.152000,-1216
346,2026-09-09T11:09:44.699687+00:00,34.600093,A0,-0.152000,-1216
347,2026-09-09T11:09:44.799665+00:00,34.700092,A0,-0.154000,-1232
348,2026-09-09T11:09:44.899672+00:00,34.800093,A0,-0.154000,-1232
349,2026-09-09T11:09:44.999674+00:00,34.900091,A0,-0.150000,-1200
350,2026-09-09T11:09:45.099712+00:00,35.000094,A0,-0.152000,-1216
351,2026-09-09T11:09:45.199714+00:00,35.100094,A0,-0.152000,-1216
352,2026-09-09T11:09:45.299704+00:00,35.200095,A0,-0.190000,-1520
353,2026-09-09T11:09:45.399667+00:00,35.300092,A0,-0.212000,-1696
354,2026-09-09T11:09:45.499817+00:00,35.400097,A0,-0.216000,-1728
355,2026-09-09T11:09:45.599698+00:00,35.500096,A0,-0.218000,-1744
356,2026-09-09T11:09:45.699700+00:00,35.600089,A0,-0.222000,-1776
357,2026-09-09T11:09:45.799790+00:00,35.700119,A0,-0.218000,-1744
358,2026-09-09T11:09:45.899686+00:00,35.800094,A0,-0.216000,-1728
359,2026-09-09T11:09:45.999762+00:00,35.900089,A0,-0.218000,-1744
360,2026-09-09T11:09:46.099765+00:00,36.000100,A0,-0.218000,-1744
361,2026-09-09T11:09:46.199908+00:00,36.100121,A0,-0.218000,-1744
362,2026-09-09T11:09:46.299706+00:00,36.200094,A0,-0.218000,-1744
363,2026-09-09T11:09:46.399702+00:00,36.300093,A0,-0.216000,-1728
364,2026-09-09T11:09:46.499665+00:00,36.400092,A0,-0.216000,-1728
365,2026-09-09T11:09:46.599669+00:00,36.500092,A0,-0.216000,-1728
366,2026-09-09T11:09:46.699667+00:00,36.600092,A0,-0.216000,-1728
367,2026-09-09T11:09:46.799684+00:00,36.700107,A0,-0.218000,-1744
368,2026-09-09T11:09:46.899701+00:00,36.800125,A0,-0.216000,-1728
369,2026-09-09T11:09:46.999683+00:00,36.900104,A0,-0.216000,-1728
370,2026-09-09T11:09:47.099702+00:00,37.000104,A0,-0.220000,-1760
371,2026-09-09T11:09:47.199676+00:00,37.100092,A0,-0.218000,-1744
372,2026-09-09T11:09:47.299672+00:00,37.200093,A0,-0.218000,-1744
373,2026-09-09T11:09:47.399670+00:00,37.300092,A0,-0.216000,-1728
374,2026-09-09T11:09:47.499668+00:00,37.400092,A0,-0.220000,-1760
375,2026-09-09T11:09:47.599670+00:00,37.500093,A0,-0.218000,-1744
376,2026-09-09T11:09:47.699669+00:00,37.600092,A0,-0.218000,-1744
377,2026-09-09T11:09:47.799673+00:00,37.700096,A0,-0.218000,-1744
378,2026-09-09T11:09:47.899683+00:00,37.800092,A0,-0.220000,-1760
379,2026-09-09T11:09:47.999679+00:00,37.900093,A0,-0.216000,-1728
380,2026-09-09T11:09:48.099677+00:00,38.000094,A0,-0.218000,-1744
381,2026-09-09T11:09:48.199667+00:00,38.100093,A0,-0.240000,-1920
382,2026-09-09T11:09:48.299688+00:00,38.200091,A0,-0.166000,-1328
383,2026-09-09T11:09:48.399705+00:00,38.300094,A0,-0.084000,-672
384,2026-09-09T11:09:48.499665+00:00,38.400093,A0,0.672000,5376
385,2026-09-09T11:09:48.599665+00:00,38.500092,A0,0.816000,6528
386,2026-09-09T11:09:48.699668+00:00,38.600091,A0,0.850000,6800
387,2026-09-09T11:09:48.799667+00:00,38.700093,A0,1.004000,8032
388,2026-09-09T11:09:48.899682+00:00,38.800107,A0,1.122000,8976
389,2026-09-09T11:09:48.999883+00:00,38.900128,A0,1.302000,10416
390,2026-09-09T11:09:49.099748+00:00,39.000118,A0,1.368000,10944
391,2026-09-09T11:09:49.199700+00:00,39.100094,A0,1.456000,11648
392,2026-09-09T11:09:49.299692+00:00,39.200092,A0,1.508000,12064
393,2026-09-09T11:09:49.399791+00:00,39.300102,A0,1.556000,12448
394,2026-09-09T11:09:49.499730+00:00,39.400101,A0,1.624000,12992
395,2026-09-09T11:09:49.599851+00:00,39.500117,A0,1.472000,11776
396,2026-09-09T11:09:49.699728+00:00,39.600103,A0,1.776000,14208
397,2026-09-09T11:09:49.799822+00:00,39.700111,A0,1.804000,14432
398,2026-09-09T11:09:49.899729+00:00,39.800099,A0,1.776000,14208
399,2026-09-09T11:09:49.999883+00:00,39.900116,A0,1.516000,12128
400,2026-09-09T11:09:50.099746+00:00,40.000103,A0,1.756000,14048
401,2026-09-09T11:09:50.199858+00:00,40.100115,A0,1.394000,11152
402,2026-09-09T11:09:50.299711+00:00,40.200097,A0,1.806000,14448
403,2026-09-09T11:09:50.399669+00:00,40.300094,A0,1.134000,9072
404,2026-09-09T11:09:50.499719+00:00,40.400099,A0,1.806000,14448
405,2026-09-09T11:09:50.599748+00:00,40.500137,A0,1.806000,14448
406,2026-09-09T11:09:50.699754+00:00,40.600137,A0,1.806000,14448
407,2026-09-09T11:09:50.799712+00:00,40.700091,A0,1.804000,14432
408,2026-09-09T11:09:50.899844+00:00,40.800106,A0,1.114000,8912
409,2026-09-09T11:09:50.999703+00:00,40.900097,A0,1.080000,8640
410,2026-09-09T11:09:51.099684+00:00,41.000092,A0,1.082000,8656
411,2026-09-09T11:09:51.199826+00:00,41.100091,A0,1.082000,8656
412,2026-09-09T11:09:51.299755+00:00,41.200098,A0,1.080000,8640
413,2026-09-09T11:09:51.399698+00:00,41.300112,A0,1.082000,8656
414,2026-09-09T11:09:51.499712+00:00,41.400094,A0,1.082000,8656
415,2026-09-09T11:09:51.599710+00:00,41.500095,A0,1.082000,8656
416,2026-09-09T11:09:51.699856+00:00,41.600103,A0,1.084000,8672
417,2026-09-09T11:09:51.799705+00:00,41.700098,A0,1.084000,8672
418,2026-09-09T11:09:51.899849+00:00,41.800107,A0,1.084000,8672
419,2026-09-09T11:09:51.999706+00:00,41.900098,A0,1.084000,8672
420,2026-09-09T11:09:52.099690+00:00,42.000090,A0,1.084000,8672
421,2026-09-09T11:09:52.199926+00:00,42.100117,A0,1.084000,8672
422,2026-09-09T11:09:52.299694+00:00,42.200097,A0,1.084000,8672
423,2026-09-09T11:09:52.399729+00:00,42.300098,A0,1.084000,8672
424,2026-09-09T11:09:52.499684+00:00,42.400094,A0,1.084000,8672
425,2026-09-09T11:09:52.599666+00:00,42.500092,A0,1.084000,8672
426,2026-09-09T11:09:52.699684+00:00,42.600107,A0,1.084000,8672
427,2026-09-09T11:09:52.799685+00:00,42.700104,A0,1.084000,8672
428,2026-09-09T11:09:52.899708+00:00,42.800127,A0,1.084000,8672
429,2026-09-09T11:09:52.999702+00:00,42.900126,A0,1.084000,8672
430,2026-09-09T11:09:53.099847+00:00,43.000123,A0,1.084000,8672
431,2026-09-09T11:09:53.199874+00:00,43.100130,A0,1.084000,8672
432,2026-09-09T11:09:53.299687+00:00,43.200096,A0,1.084000,8672
433,2026-09-09T11:09:53.399698+00:00,43.300092,A0,1.084000,8672
434,2026-09-09T11:09:53.499674+00:00,43.400092,A0,1.084000,8672
435,2026-09-09T11:09:53.599689+00:00,43.500095,A0,1.084000,8672
436,2026-09-09T11:09:53.699712+00:00,43.600098,A0,1.086000,8688
437,2026-09-09T11:09:53.799699+00:00,43.700098,A0,1.086000,8688
438,2026-09-09T11:09:53.899673+00:00,43.800094,A0,1.086000,8688
439,2026-09-09T11:09:53.999668+00:00,43.900093,A0,1.086000,8688
440,2026-09-09T11:09:54.099687+00:00,44.000092,A0,1.086000,8688
441,2026-09-09T11:09:54.199708+00:00,44.100093,A0,1.086000,8688
442,2026-09-09T11:09:54.299696+00:00,44.200093,A0,1.086000,8688
443,2026-09-09T11:09:54.399687+00:00,44.300093,A0,1.086000,8688
444,2026-09-09T11:09:54.499669+00:00,44.400093,A0,1.090000,8720
445,2026-09-09T11:09:54.599665+00:00,44.500091,A0,1.110000,8880
446,2026-09-09T11:09:54.699667+00:00,44.600092,A0,1.294000,10352
447,2026-09-09T11:09:54.799666+00:00,44.700093,A0,1.644000,13152
448,2026-09-09T11:09:54.899666+00:00,44.800091,A0,1.900000,15200
449,2026-09-09T11:09:54.999681+00:00,44.900106,A0,2.012000,16096
450,2026-09-09T11:09:55.099700+00:00,45.000109,A0,2.100000,16800
451,2026-09-09T11:09:55.199688+00:00,45.100092,A0,2.230000,17840
452,2026-09-09T11:09:55.299666+00:00,45.200093,A0,3.050000,24400
453,2026-09-09T11:09:55.399672+00:00,45.300089,A0,2.402000,19216
454,2026-09-09T11:09:55.499667+00:00,45.400094,A0,2.978000,23824
455,2026-09-09T11:09:55.599680+00:00,45.500092,A0,3.078000,24624
456,2026-09-09T11:09:55.699705+00:00,45.600095,A0,3.078000,24624
457,2026-09-09T11:09:55.799671+00:00,45.700092,A0,3.078000,24624
458,2026-09-09T11:09:55.899681+00:00,45.800093,A0,2.430000,19440
459,2026-09-09T11:09:55.999911+00:00,45.900117,A0,3.078000,24624
460,2026-09-09T11:09:56.099699+00:00,46.000101,A0,3.046000,24368
461,2026-09-09T11:09:56.199670+00:00,46.100091,A0,3.098000,24784
462,2026-09-09T11:09:56.299673+00:00,46.200092,A0,3.276000,26208
463,2026-09-09T11:09:56.399743+00:00,46.300098,A0,3.286000,26288
464,2026-09-09T11:09:56.499741+00:00,46.400102,A0,3.286000,26288
465,2026-09-09T11:09:56.599706+00:00,46.500114,A0,3.284000,26272
466,2026-09-09T11:09:56.699667+00:00,46.600093,A0,3.286000,26288
467,2026-09-09T11:09:56.799807+00:00,46.700107,A0,3.244000,25952
468,2026-09-09T11:09:56.899758+00:00,46.800091,A0,3.256000,26048
469,2026-09-09T11:09:56.999743+00:00,46.900095,A0,3.268000,26144
470,2026-09-09T11:09:57.099687+00:00,47.000095,A0,3.242000,25936
471,2026-09-09T11:09:57.199718+00:00,47.100093,A0,3.222000,25776
472,2026-09-09T11:09:57.299725+00:00,47.200099,A0,3.196000,25568
473,2026-09-09T11:09:57.399688+00:00,47.300094,A0,3.166000,25328
474,2026-09-09T11:09:57.499762+00:00,47.400089,A0,3.284000,26272
475,2026-09-09T11:09:57.599851+00:00,47.500096,A0,3.268000,26144
476,2026-09-09T11:09:57.699687+00:00,47.600096,A0,3.294000,26352
477,2026-09-09T11:09:57.799708+00:00,47.700098,A0,3.252000,26016
478,2026-09-09T11:09:57.899675+00:00,47.800093,A0,3.240000,25920
479,2026-09-09T11:09:57.999686+00:00,47.900098,A0,3.266000,26128
480,2026-09-09T11:09:58.099670+00:00,48.000093,A0,3.218000,25744
481,2026-09-09T11:09:58.199894+00:00,48.100116,A0,3.240000,25920
482,2026-09-09T11:09:58.299690+00:00,48.200096,A0,3.200000,25600
483,2026-09-09T11:09:58.399685+00:00,48.300108,A0,3.236000,25888
484,2026-09-09T11:09:58.499694+00:00,48.400104,A0,3.190000,25520
485,2026-09-09T11:09:58.599703+00:00,48.500126,A0,3.202000,25616
486,2026-09-09T11:09:58.699705+00:00,48.600126,A0,3.232000,25856
487,2026-09-09T11:09:58.799704+00:00,48.700126,A0,3.236000,25888
488,2026-09-09T11:09:58.899706+00:00,48.800128,A0,3.200000,25600
489,2026-09-09T11:09:58.999934+00:00,48.900120,A0,3.140000,25120
490,2026-09-09T11:09:59.099702+00:00,49.000099,A0,3.244000,25952
491,2026-09-09T11:09:59.199694+00:00,49.100094,A0,2.626000,21008
492,2026-09-09T11:09:59.299687+00:00,49.200092,A0,3.184000,25472
493,2026-09-09T11:09:59.399668+00:00,49.300092,A0,3.160000,25280
494,2026-09-09T11:09:59.499828+00:00,49.400102,A0,3.204000,25632
495,2026-09-09T11:09:59.599725+00:00,49.500099,A0,3.216000,25728
496,2026-09-09T11:09:59.699718+00:00,49.600136,A0,3.030000,24240
497,2026-09-09T11:09:59.799670+00:00,49.700092,A0,3.176000,25408
498,2026-09-09T11:09:59.899660+00:00,49.800092,A0,3.270000,26160
499,2026-09-09T11:09:59.999696+00:00,49.900091,A0,3.296000,26368
500,2026-09-09T11:10:00.099830+00:00,50.000105,A0,3.202000,25616
501,2026-09-09T11:10:00.199781+00:00,50.100102,A0,3.290000,26320
502,2026-09-09T11:10:00.299703+00:00,50.200095,A0,3.140000,25120
503,2026-09-09T11:10:00.399671+00:00,50.300092,A0,2.912000,23296
504,2026-09-09T11:10:00.499806+00:00,50.400102,A0,2.894000,23152
505,2026-09-09T11:10:00.599768+00:00,50.500103,A0,2.562000,20496
506,2026-09-09T11:10:00.699837+00:00,50.600106,A0,2.244000,17952
507,2026-09-09T11:10:00.799708+00:00,50.700097,A0,2.094000,16752
508,2026-09-09T11:10:00.899850+00:00,50.800107,A0,1.948000,15584
509,2026-09-09T11:10:00.999699+00:00,50.900096,A0,1.874000,14992
510,2026-09-09T11:10:01.099775+00:00,51.000113,A0,1.794000,14352
511,2026-09-09T11:10:01.199766+00:00,51.100110,A0,1.794000,14352
512,2026-09-09T11:10:01.299720+00:00,51.200131,A0,1.792000,14336
513,2026-09-09T11:10:01.399697+00:00,51.300093,A0,1.794000,14352
514,2026-09-09T11:10:01.499695+00:00,51.400093,A0,1.748000,13984
515,2026-09-09T11:10:01.599676+00:00,51.500092,A0,1.760000,14080
516,2026-09-09T11:10:01.699667+00:00,51.600093,A0,1.764000,14112
517,2026-09-09T11:10:01.799681+00:00,51.700092,A0,1.688000,13504
518,2026-09-09T11:10:01.899869+00:00,51.800105,A0,1.760000,14080
519,2026-09-09T11:10:01.999747+00:00,51.900098,A0,1.738000,13904
520,2026-09-09T11:10:02.099686+00:00,52.000096,A0,1.768000,14144
521,2026-09-09T11:10:02.199669+00:00,52.100092,A0,1.684000,13472
522,2026-09-09T11:10:02.299668+00:00,52.200091,A0,1.758000,14064
523,2026-09-09T11:10:02.399695+00:00,52.300094,A0,1.764000,14112
524,2026-09-09T11:10:02.499679+00:00,52.400093,A0,1.762000,14096
525,2026-09-09T11:10:02.599683+00:00,52.500093,A0,1.768000,14144
526,2026-09-09T11:10:02.699841+00:00,52.600102,A0,1.768000,14144
527,2026-09-09T11:10:02.799717+00:00,52.700116,A0,1.708000,13664
528,2026-09-09T11:10:02.899669+00:00,52.800092,A0,1.648000,13184
529,2026-09-09T11:10:02.999670+00:00,52.900092,A0,1.768000,14144
530,2026-09-09T11:10:03.099689+00:00,53.000093,A0,1.768000,14144
531,2026-09-09T11:10:03.199710+00:00,53.100090,A0,1.750000,14000
532,2026-09-09T11:10:03.299676+00:00,53.200093,A0,1.742000,13936
533,2026-09-09T11:10:03.399670+00:00,53.300092,A0,1.670000,13360
534,2026-09-09T11:10:03.499804+00:00,53.400102,A0,1.136000,9088
535,2026-09-09T11:10:03.599823+00:00,53.500097,A0,1.118000,8944
536,2026-09-09T11:10:03.699701+00:00,53.600097,A0,1.072000,8576
537,2026-09-09T11:10:03.799853+00:00,53.700113,A0,1.068000,8544
538,2026-09-09T11:10:03.899696+00:00,53.800098,A0,1.068000,8544
539,2026-09-09T11:10:03.999684+00:00,53.900095,A0,1.068000,8544
540,2026-09-09T11:10:04.099685+00:00,54.000089,A0,1.068000,8544
541,2026-09-09T11:10:04.199874+00:00,54.100113,A0,1.068000,8544
542,2026-09-09T11:10:04.299763+00:00,54.200093,A0,1.706000,13648
543,2026-09-09T11:10:04.399688+00:00,54.300095,A0,1.112000,8896
544,2026-09-09T11:10:04.499668+00:00,54.400094,A0,1.086000,8688
545,2026-09-09T11:10:04.599663+00:00,54.500093,A0,1.068000,8544
546,2026-09-09T11:10:04.699669+00:00,54.600092,A0,1.124000,8992
547,2026-09-09T11:10:04.799679+00:00,54.700106,A0,1.720000,13760
548,2026-09-09T11:10:04.899699+00:00,54.800125,A0,1.108000,8864
549,2026-09-09T11:10:04.999708+00:00,54.900126,A0,1.064000,8512
550,2026-09-09T11:10:05.099706+00:00,55.000109,A0,1.064000,8512
551,2026-09-09T11:10:05.199750+00:00,55.100131,A0,1.064000,8512
552,2026-09-09T11:10:05.299711+00:00,55.200131,A0,1.064000,8512
553,2026-09-09T11:10:05.399659+00:00,55.300092,A0,1.068000,8544
554,2026-09-09T11:10:05.499667+00:00,55.400093,A0,1.068000,8544
555,2026-09-09T11:10:05.599681+00:00,55.500092,A0,1.068000,8544
556,2026-09-09T11:10:05.699672+00:00,55.600091,A0,1.050000,8400
557,2026-09-09T11:10:05.799669+00:00,55.700093,A0,0.900000,7200
558,2026-09-09T11:10:05.899680+00:00,55.800092,A0,0.650000,5200
559,2026-09-09T11:10:05.999684+00:00,55.900093,A0,0.458000,3664
560,2026-09-09T11:10:06.099704+00:00,56.000094,A0,0.342000,2736
561,2026-09-09T11:10:06.199803+00:00,56.100100,A0,0.230000,1840
562,2026-09-09T11:10:06.299718+00:00,56.200095,A0,0.084000,672
563,2026-09-09T11:10:06.399667+00:00,56.300092,A0,-0.052000,-416
564,2026-09-09T11:10:06.499671+00:00,56.400091,A0,-0.144000,-1152
565,2026-09-09T11:10:06.599854+00:00,56.500113,A0,-0.210000,-1680
566,2026-09-09T11:10:06.699709+00:00,56.600098,A0,-0.236000,-1888
567,2026-09-09T11:10:06.799690+00:00,56.700108,A0,-0.216000,-1728
568,2026-09-09T11:10:06.899669+00:00,56.800092,A0,-0.150000,-1200
569,2026-09-09T11:10:06.999668+00:00,56.900091,A0,-0.152000,-1216
570,2026-09-09T11:10:07.099766+00:00,57.000107,A0,-0.152000,-1216
571,2026-09-09T11:10:07.199687+00:00,57.100096,A0,-0.152000,-1216
572,2026-09-09T11:10:07.299675+00:00,57.200094,A0,-0.152000,-1216
573,2026-09-09T11:10:07.399672+00:00,57.300093,A0,-0.154000,-1232
574,2026-09-09T11:10:07.499671+00:00,57.400092,A0,-0.152000,-1216
575,2026-09-09T11:10:07.599720+00:00,57.500100,A0,-0.154000,-1232
576,2026-09-09T11:10:07.699693+00:00,57.600094,A0,-0.150000,-1200
577,2026-09-09T11:10:07.799688+00:00,57.700093,A0,-0.152000,-1216
578,2026-09-09T11:10:07.899700+00:00,57.800092,A0,-0.154000,-1232
579,2026-09-09T11:10:07.999684+00:00,57.900092,A0,-0.152000,-1216
580,2026-09-09T11:10:08.099671+00:00,58.000093,A0,-0.152000,-1216
581,2026-09-09T11:10:08.199681+00:00,58.100090,A0,-0.134000,-1072
582,2026-09-09T11:10:08.299684+00:00,58.200107,A0,-0.054000,-432
583,2026-09-09T11:10:08.399704+00:00,58.300127,A0,-0.006000,-48
584,2026-09-09T11:10:08.499683+00:00,58.400092,A0,-0.154000,-1232
585,2026-09-09T11:10:08.599666+00:00,58.500093,A0,-0.152000,-1216
586,2026-09-09T11:10:08.699668+00:00,58.600092,A0,-0.152000,-1216
587,2026-09-09T11:10:08.799671+00:00,58.700092,A0,-0.152000,-1216
588,2026-09-09T11:10:08.899668+00:00,58.800092,A0,-0.152000,-1216
589,2026-09-09T11:10:08.999668+00:00,58.900093,A0,-0.152000,-1216
590,2026-09-09T11:10:09.099685+00:00,59.000094,A0,-0.152000,-1216
591,2026-09-09T11:10:09.199732+00:00,59.100095,A0,-0.152000,-1216
592,2026-09-09T11:10:09.299698+00:00,59.200094,A0,-0.152000,-1216
593,2026-09-09T11:10:09.399675+00:00,59.300092,A0,-0.152000,-1216
594,2026-09-09T11:10:09.499671+00:00,59.400093,A0,-0.154000,-1232
595,2026-09-09T11:10:09.599683+00:00,59.500106,A0,-0.152000,-1216
596,2026-09-09T11:10:09.699921+00:00,59.600136,A0,-0.150000,-1200
597,2026-09-09T11:10:09.799717+00:00,59.700109,A0,-0.158000,-1264
598,2026-09-09T11:10:09.899762+00:00,59.800095,A0,-0.152000,-1216
599,2026-09-09T11:10:09.999692+00:00,59.900096,A0,-0.058000,-464
600,2026-09-09T11:10:10.099915+00:00,60.000118,A0,0.000000,0
601,2026-09-09T11:10:10.199947+00:00,60.100120,A0,-0.072000,-576
602,2026-09-09T11:10:10.299733+00:00,60.200097,A0,-0.152000,-1216
603,2026-09-09T11:10:10.399678+00:00,60.300098,A0,-0.150000,-1200
604,2026-09-09T11:10:10.499668+00:00,60.400093,A0,-0.152000,-1216
605,2026-09-09T11:10:10.599670+00:00,60.500092,A0,-0.148000,-1184
606,2026-09-09T11:10:10.699671+00:00,60.600093,A0,-0.152000,-1216
607,2026-09-09T11:10:10.799678+00:00,60.700093,A0,-0.152000,-1216
608,2026-09-09T11:10:10.899736+00:00,60.800098,A0,-0.154000,-1232
609,2026-09-09T11:10:10.999702+00:00,60.900113,A0,-0.154000,-1232
610,2026-09-09T11:10:11.099663+00:00,61.000093,A0,-0.152000,-1216
611,2026-09-09T11:10:11.199666+00:00,61.100092,A0,-0.152000,-1216
612,2026-09-09T11:10:11.299777+00:00,61.200100,A0,-0.152000,-1216
613,2026-09-09T11:10:11.399683+00:00,61.300094,A0,-0.152000,-1216
614,2026-09-09T11:10:11.499687+00:00,61.400093,A0,-0.006000,-48
615,2026-09-09T11:10:11.599709+00:00,61.500092,A0,-0.002000,-16
616,2026-09-09T11:10:11.699772+00:00,61.600101,A0,0.000000,0
617,2026-09-09T11:10:11.799688+00:00,61.700094,A0,0.000000,0
618,2026-09-09T11:10:11.899685+00:00,61.800093,A0,0.000000,0
619,2026-09-09T11:10:11.999687+00:00,61.900094,A0,0.000000,0
620,2026-09-09T11:10:12.099672+00:00,62.000093,A0,0.000000,0
621,2026-09-09T11:10:12.199672+00:00,62.100089,A0,0.000000,0
622,2026-09-09T11:10:12.299673+00:00,62.200092,A0,0.000000,0
623,2026-09-09T11:10:12.399687+00:00,62.300108,A0,0.000000,0
624,2026-09-09T11:10:12.499701+00:00,62.400127,A0,0.000000,0
625,2026-09-09T11:10:12.599712+00:00,62.500128,A0,0.000000,0
626,2026-09-09T11:10:12.699800+00:00,62.600129,A0,0.000000,0
627,2026-09-09T11:10:12.799759+00:00,62.700118,A0,0.000000,0
628,2026-09-09T11:10:12.899682+00:00,62.800095,A0,0.000000,0
629,2026-09-09T11:10:12.999666+00:00,62.900092,A0,0.000000,0
630,2026-09-09T11:10:13.099688+00:00,63.000093,A0,0.000000,0
631,2026-09-09T11:10:13.199734+00:00,63.100093,A0,0.000000,0
632,2026-09-09T11:10:13.299695+00:00,63.200093,A0,-0.002000,-16
633,2026-09-09T11:10:13.399675+00:00,63.300092,A0,0.000000,0
634,2026-09-09T11:10:13.499681+00:00,63.400092,A0,0.000000,0
635,2026-09-09T11:10:13.599668+00:00,63.500092,A0,0.000000,0
636,2026-09-09T11:10:13.699687+00:00,63.600107,A0,0.000000,0
637,2026-09-09T11:10:13.799664+00:00,63.700092,A0,0.000000,0
638,2026-09-09T11:10:13.899671+00:00,63.800092,A0,0.000000,0
639,2026-09-09T11:10:13.999719+00:00,63.900096,A0,0.000000,0
640,2026-09-09T11:10:14.099666+00:00,64.000093,A0,0.000000,0
641,2026-09-09T11:10:14.199705+00:00,64.100093,A0,0.000000,0
642,2026-09-09T11:10:14.299680+00:00,64.200093,A0,0.000000,0
643,2026-09-09T11:10:14.399708+00:00,64.300093,A0,0.000000,0
644,2026-09-09T11:10:14.499704+00:00,64.400093,A0,0.000000,0
645,2026-09-09T11:10:14.599663+00:00,64.500092,A0,0.000000,0
646,2026-09-09T11:10:14.699674+00:00,64.600092,A0,-0.002000,-16
647,2026-09-09T11:10:14.799670+00:00,64.700092,A0,0.000000,0
648,2026-09-09T11:10:14.899676+00:00,64.800093,A0,0.000000,0
649,2026-09-09T11:10:14.999687+00:00,64.900106,A0,0.000000,0
650,2026-09-09T11:10:15.099701+00:00,65.000108,A0,0.000000,0
651,2026-09-09T11:10:15.199706+00:00,65.100128,A0,0.000000,0
652,2026-09-09T11:10:15.299688+00:00,65.200104,A0,0.000000,0
653,2026-09-09T11:10:15.399704+00:00,65.300124,A0,0.000000,0
654,2026-09-09T11:10:15.499696+00:00,65.400123,A0,0.000000,0
655,2026-09-09T11:10:15.599844+00:00,65.500097,A0,0.000000,0
656,2026-09-09T11:10:15.699714+00:00,65.600091,A0,0.000000,0
657,2026-09-09T11:10:15.799722+00:00,65.700094,A0,0.000000,0
658,2026-09-09T11:10:15.899703+00:00,65.800094,A0,0.000000,0
659,2026-09-09T11:10:15.999692+00:00,65.900094,A0,0.000000,0
660,2026-09-09T11:10:16.099807+00:00,66.000104,A0,0.000000,0
661,2026-09-09T11:10:16.199928+00:00,66.100125,A0,0.000000,0
662,2026-09-09T11:10:16.299689+00:00,66.200098,A0,0.000000,0
663,2026-09-09T11:10:16.399776+00:00,66.300100,A0,0.000000,0
664,2026-09-09T11:10:16.499684+00:00,66.400095,A0,0.000000,0
665,2026-09-09T11:10:16.599666+00:00,66.500093,A0,0.000000,0
666,2026-09-09T11:10:16.699682+00:00,66.600105,A0,0.000000,0
667,2026-09-09T11:10:16.799706+00:00,66.700128,A0,0.000000,0
668,2026-09-09T11:10:16.899690+00:00,66.800085,A0,-0.002000,-16
669,2026-09-09T11:10:16.999670+00:00,66.900093,A0,0.000000,0
670,2026-09-09T11:10:17.099686+00:00,67.000094,A0,0.000000,0
671,2026-09-09T11:10:17.199732+00:00,67.100093,A0,0.000000,0
672,2026-09-09T11:10:17.299695+00:00,67.200094,A0,0.000000,0
673,2026-09-09T11:10:17.399666+00:00,67.300091,A0,0.000000,0
674,2026-09-09T11:10:17.499667+00:00,67.400093,A0,0.000000,0
675,2026-09-09T11:10:17.599669+00:00,67.500093,A0,0.000000,0
676,2026-09-09T11:10:17.699663+00:00,67.600086,A0,0.000000,0
677,2026-09-09T11:10:17.799665+00:00,67.700092,A0,0.000000,0
678,2026-09-09T11:10:17.899679+00:00,67.800104,A0,0.000000,0
679,2026-09-09T11:10:17.999674+00:00,67.900090,A0,0.000000,0
680,2026-09-09T11:10:18.099678+00:00,68.000092,A0,0.000000,0
681,2026-09-09T11:10:18.199661+00:00,68.100092,A0,0.000000,0
682,2026-09-09T11:10:18.299677+00:00,68.200091,A0,0.000000,0
683,2026-09-09T11:10:18.399693+00:00,68.300091,A0,0.000000,0
684,2026-09-09T11:10:18.499701+00:00,68.400092,A0,0.000000,0
685,2026-09-09T11:10:18.599698+00:00,68.500092,A0,0.000000,0
686,2026-09-09T11:10:18.699664+00:00,68.600093,A0,0.000000,0
687,2026-09-09T11:10:18.799668+00:00,68.700092,A0,0.000000,0
688,2026-09-09T11:10:18.899665+00:00,68.800093,A0,0.000000,0
689,2026-09-09T11:10:18.999678+00:00,68.900094,A0,0.000000,0
690,2026-09-09T11:10:19.099671+00:00,69.000094,A0,0.000000,0
691,2026-09-09T11:10:19.199681+00:00,69.100106,A0,0.000000,0
692,2026-09-09T11:10:19.299674+00:00,69.200085,A0,0.000000,0
693,2026-09-09T11:10:19.399699+00:00,69.300092,A0,0.000000,0
694,2026-09-09T11:10:19.499697+00:00,69.400093,A0,0.000000,0
695,2026-09-09T11:10:19.599701+00:00,69.500093,A0,0.000000,0
696,2026-09-09T11:10:19.699661+00:00,69.600093,A0,0.000000,0
697,2026-09-09T11:10:19.799665+00:00,69.700091,A0,0.000000,0
698,2026-09-09T11:10:19.899670+00:00,69.800093,A0,0.000000,0
699,2026-09-09T11:10:19.999678+00:00,69.900093,A0,0.000000,0
700,2026-09-09T11:10:20.099682+00:00,70.000107,A0,0.000000,0
701,2026-09-09T11:10:20.199701+00:00,70.100126,A0,0.000000,0
702,2026-09-09T11:10:20.299697+00:00,70.200126,A0,0.000000,0
703,2026-09-09T11:10:20.399695+00:00,70.300125,A0,0.000000,0
704,2026-09-09T11:10:20.499700+00:00,70.400128,A0,0.000000,0
705,2026-09-09T11:10:20.599679+00:00,70.500108,A0,0.000000,0
706,2026-09-09T11:10:20.699702+00:00,70.600127,A0,0.000000,0
707,2026-09-09T11:10:20.799680+00:00,70.700092,A0,0.000000,0
708,2026-09-09T11:10:20.899662+00:00,70.800092,A0,0.000000,0
709,2026-09-09T11:10:20.999677+00:00,70.900090,A0,0.000000,0
710,2026-09-09T11:10:21.099676+00:00,71.000094,A0,0.000000,0
711,2026-09-09T11:10:21.199688+00:00,71.100093,A0,0.000000,0
712,2026-09-09T11:10:21.299674+00:00,71.200093,A0,0.000000,0
713,2026-09-09T11:10:21.399683+00:00,71.300090,A0,0.000000,0
714,2026-09-09T11:10:21.499795+00:00,71.400098,A0,0.000000,0
715,2026-09-09T11:10:21.599905+00:00,71.500107,A0,0.000000,0
716,2026-09-09T11:10:21.699705+00:00,71.600097,A0,0.000000,0
717,2026-09-09T11:10:21.799674+00:00,71.700091,A0,0.000000,0
718,2026-09-09T11:10:21.899667+00:00,71.800091,A0,0.000000,0
719,2026-09-09T11:10:21.999753+00:00,71.900097,A0,-0.002000,-16
720,2026-09-09T11:10:22.099696+00:00,72.000095,A0,0.000000,0
721,2026-09-09T11:10:22.199897+00:00,72.100115,A0,0.000000,0
722,2026-09-09T11:10:22.299688+00:00,72.200097,A0,0.000000,0
723,2026-09-09T11:10:22.399688+00:00,72.300108,A0,-0.002000,-16
724,2026-09-09T11:10:22.499707+00:00,72.400130,A0,0.000000,0
725,2026-09-09T11:10:22.599710+00:00,72.500131,A0,0.000000,0
726,2026-09-09T11:10:22.699703+00:00,72.600127,A0,0.000000,0
727,2026-09-09T11:10:22.799703+00:00,72.700128,A0,0.000000,0
728,2026-09-09T11:10:22.899685+00:00,72.800106,A0,0.000000,0
729,2026-09-09T11:10:22.999705+00:00,72.900125,A0,0.000000,0
730,2026-09-09T11:10:23.099688+00:00,73.000104,A0,0.000000,0
731,2026-09-09T11:10:23.199713+00:00,73.100128,A0,-0.002000,-16
732,2026-09-09T11:10:23.299853+00:00,73.200147,A0,0.000000,0
733,2026-09-09T11:10:23.399708+00:00,73.300109,A0,0.000000,0
734,2026-09-09T11:10:23.499670+00:00,73.400093,A0,0.000000,0
735,2026-09-09T11:10:23.599671+00:00,73.500091,A0,0.000000,0
736,2026-09-09T11:10:23.699678+00:00,73.600092,A0,0.000000,0
737,2026-09-09T11:10:23.799740+00:00,73.700097,A0,0.000000,0
738,2026-09-09T11:10:23.899671+00:00,73.800092,A0,0.000000,0
739,2026-09-09T11:10:23.999669+00:00,73.900092,A0,0.000000,0
740,2026-09-09T11:10:24.099692+00:00,74.000091,A0,0.000000,0
741,2026-09-09T11:10:24.199705+00:00,74.100093,A0,0.000000,0
742,2026-09-09T11:10:24.299743+00:00,74.200102,A0,0.000000,0
743,2026-09-09T11:10:24.399677+00:00,74.300093,A0,0.000000,0
744,2026-09-09T11:10:24.499664+00:00,74.400091,A0,0.000000,0
745,2026-09-09T11:10:24.599666+00:00,74.500092,A0,0.000000,0
746,2026-09-09T11:10:24.699679+00:00,74.600106,A0,0.000000,0
747,2026-09-09T11:10:24.799704+00:00,74.700127,A0,0.000000,0
748,2026-09-09T11:10:24.899670+00:00,74.800092,A0,0.000000,0
749,2026-09-09T11:10:24.999664+00:00,74.900092,A0,0.000000,0
750,2026-09-09T11:10:25.099686+00:00,75.000093,A0,0.000000,0
751,2026-09-09T11:10:25.199695+00:00,75.100093,A0,0.000000,0
752,2026-09-09T11:10:25.299675+00:00,75.200094,A0,0.000000,0
753,2026-09-09T11:10:25.399673+00:00,75.300092,A0,0.000000,0
754,2026-09-09T11:10:25.499680+00:00,75.400092,A0,0.000000,0
755,2026-09-09T11:10:25.599701+00:00,75.500092,A0,0.000000,0
756,2026-09-09T11:10:25.699663+00:00,75.600092,A0,0.000000,0
757,2026-09-09T11:10:25.799663+00:00,75.700091,A0,0.000000,0
758,2026-09-09T11:10:25.899669+00:00,75.800090,A0,0.000000,0
759,2026-09-09T11:10:25.999673+00:00,75.900093,A0,0.000000,0
760,2026-09-09T11:10:26.099672+00:00,76.000094,A0,0.000000,0
761,2026-09-09T11:10:26.199687+00:00,76.100104,A0,0.000000,0
762,2026-09-09T11:10:26.299703+00:00,76.200128,A0,0.000000,0
763,2026-09-09T11:10:26.399664+00:00,76.300092,A0,0.000000,0
764,2026-09-09T11:10:26.499663+00:00,76.400091,A0,0.000000,0
765,2026-09-09T11:10:26.599757+00:00,76.500098,A0,0.000000,0
766,2026-09-09T11:10:26.699702+00:00,76.600096,A0,0.000000,0
767,2026-09-09T11:10:26.799668+00:00,76.700092,A0,0.000000,0
768,2026-09-09T11:10:26.899669+00:00,76.800091,A0,0.000000,0
769,2026-09-09T11:10:26.999673+00:00,76.900091,A0,0.000000,0
770,2026-09-09T11:10:27.099691+00:00,77.000093,A0,0.000000,0
771,2026-09-09T11:10:27.199695+00:00,77.100092,A0,0.000000,0
772,2026-09-09T11:10:27.299665+00:00,77.200093,A0,0.000000,0
773,2026-09-09T11:10:27.399672+00:00,77.300092,A0,0.000000,0
774,2026-09-09T11:10:27.499669+00:00,77.400092,A0,0.000000,0
775,2026-09-09T11:10:27.599681+00:00,77.500107,A0,-0.002000,-16
776,2026-09-09T11:10:27.699828+00:00,77.600101,A0,0.000000,0
777,2026-09-09T11:10:27.799694+00:00,77.700097,A0,-0.002000,-16
778,2026-09-09T11:10:27.899665+00:00,77.800092,A0,0.000000,0
779,2026-09-09T11:10:27.999711+00:00,77.900092,A0,-0.002000,-16
780,2026-09-09T11:10:28.099682+00:00,78.000093,A0,-0.002000,-16
781,2026-09-09T11:10:28.199919+00:00,78.100115,A0,0.000000,0
782,2026-09-09T11:10:28.299726+00:00,78.200097,A0,0.000000,0
783,2026-09-09T11:10:28.399671+00:00,78.300094,A0,0.000000,0
784,2026-09-09T11:10:28.499669+00:00,78.400092,A0,0.000000,0
785,2026-09-09T11:10:28.599668+00:00,78.500092,A0,0.000000,0
786,2026-09-09T11:10:28.699676+00:00,78.600094,A0,0.000000,0
787,2026-09-09T11:10:28.799722+00:00,78.700088,A0,0.000000,0
788,2026-09-09T11:10:28.899704+00:00,78.800111,A0,0.000000,0
789,2026-09-09T11:10:28.999691+00:00,78.900106,A0,0.000000,0
790,2026-09-09T11:10:29.099684+00:00,79.000106,A0,0.000000,0
791,2026-09-09T11:10:29.199727+00:00,79.100105,A0,0.000000,0
792,2026-09-09T11:10:29.299712+00:00,79.200130,A0,0.000000,0
793,2026-09-09T11:10:29.399899+00:00,79.300106,A0,0.000000,0
