sample_index,timestamp_utc,elapsed_s,phase,a0_voltage_v,a0_adc_count_derived,a1_voltage_v,a1_adc_count_derived
0,2026-09-10T07:14:51.571513+00:00,0.000755,baseline_switches_off,0.000000,0,0.000000,0
1,2026-09-10T07:14:51.670731+00:00,0.100143,baseline_switches_off,0.000000,0,0.000000,0
2,2026-09-10T07:14:51.770729+00:00,0.200134,baseline_switches_off,0.000000,0,0.000000,0
3,2026-09-10T07:14:51.870661+00:00,0.300120,baseline_switches_off,0.000000,0,0.000000,0
4,2026-09-10T07:14:51.970660+00:00,0.400120,baseline_switches_off,0.000000,0,0.000000,0
5,2026-09-10T07:14:52.070726+00:00,0.500137,baseline_switches_off,0.000000,0,0.000000,0
6,2026-09-10T07:14:52.170680+00:00,0.600121,baseline_switches_off,0.000000,0,0.000000,0
7,2026-09-10T07:14:52.270716+00:00,0.700131,baseline_switches_off,0.000000,0,0.000000,0
8,2026-09-10T07:14:52.370679+00:00,0.800122,baseline_switches_off,0.000000,0,0.000000,0
9,2026-09-10T07:14:52.470710+00:00,0.900143,baseline_switches_off,0.000000,0,0.000000,0
10,2026-09-10T07:14:52.570686+00:00,1.000127,baseline_switches_off,0.000000,0,0.000000,0
11,2026-09-10T07:14:52.670682+00:00,1.100119,baseline_switches_off,0.000000,0,0.000000,0
12,2026-09-10T07:14:52.770683+00:00,1.200121,baseline_switches_off,0.000000,0,0.000000,0
13,2026-09-10T07:14:52.870730+00:00,1.300134,baseline_switches_off,0.000000,0,0.000000,0
14,2026-09-10T07:14:52.970650+00:00,1.400121,baseline_switches_off,0.000000,0,0.000000,0
15,2026-09-10T07:14:53.070707+00:00,1.500134,baseline_switches_off,0.000000,0,0.000000,0
16,2026-09-10T07:14:53.170665+00:00,1.600121,baseline_switches_off,0.000000,0,0.000000,0
17,2026-09-10T07:14:53.270660+00:00,1.700121,baseline_switches_off,0.000000,0,0.000000,0
18,2026-09-10T07:14:53.370661+00:00,1.800119,baseline_switches_off,0.000000,0,0.000000,0
19,2026-09-10T07:14:53.470660+00:00,1.900116,baseline_switches_off,0.000000,0,0.000000,0
20,2026-09-10T07:14:53.570707+00:00,2.000130,baseline_switches_off,0.000000,0,0.000000,0
21,2026-09-10T07:14:53.670659+00:00,2.100125,baseline_switches_off,0.000000,0,0.000000,0
22,2026-09-10T07:14:53.770669+00:00,2.200125,baseline_switches_off,0.000000,0,0.000000,0
23,2026-09-10T07:14:53.870701+00:00,2.300126,baseline_switches_off,0.000000,0,0.000000,0
24,2026-09-10T07:14:53.970577+00:00,2.400113,baseline_switches_off,0.000000,0,0.000000,0
25,2026-09-10T07:14:54.070542+00:00,2.500095,baseline_switches_off,0.000000,0,0.000000,0
26,2026-09-10T07:14:54.170545+00:00,2.600091,baseline_switches_off,0.000000,0,0.000000,0
27,2026-09-10T07:14:54.270539+00:00,2.700090,baseline_switches_off,0.000000,0,0.000000,0
28,2026-09-10T07:14:54.370539+00:00,2.800089,baseline_switches_off,0.000000,0,0.000000,0
29,2026-09-10T07:14:54.470526+00:00,2.900087,baseline_switches_off,0.000000,0,0.000000,0
30,2026-09-10T07:14:54.570524+00:00,3.000087,baseline_switches_off,0.000000,0,0.000000,0
31,2026-09-10T07:14:54.670527+00:00,3.100088,baseline_switches_off,0.000000,0,0.000000,0
32,2026-09-10T07:14:54.770528+00:00,3.200088,baseline_switches_off,0.000000,0,0.000000,0
33,2026-09-10T07:14:54.870534+00:00,3.300089,baseline_switches_off,0.000000,0,0.000000,0
34,2026-09-10T07:14:54.970531+00:00,3.400090,baseline_switches_off,0.000000,0,0.000000,0
35,2026-09-10T07:14:55.070528+00:00,3.500088,baseline_switches_off,0.000000,0,0.000000,0
36,2026-09-10T07:14:55.170544+00:00,3.600091,baseline_switches_off,0.000000,0,0.000000,0
37,2026-09-10T07:14:55.270532+00:00,3.700089,baseline_switches_off,0.000000,0,0.000000,0
38,2026-09-10T07:14:55.370523+00:00,3.800086,baseline_switches_off,0.000000,0,0.000000,0
39,2026-09-10T07:14:55.470527+00:00,3.900087,baseline_switches_off,0.000000,0,0.000000,0
40,2026-09-10T07:14:55.570521+00:00,4.000086,baseline_switches_off,0.000000,0,0.000000,0
41,2026-09-10T07:14:55.670527+00:00,4.100087,baseline_switches_off,0.000000,0,0.000000,0
42,2026-09-10T07:14:55.770527+00:00,4.200087,baseline_switches_off,0.000000,0,0.000000,0
43,2026-09-10T07:14:55.870531+00:00,4.300087,baseline_switches_off,0.000000,0,0.000000,0
44,2026-09-10T07:14:55.970645+00:00,4.400120,baseline_switches_off,0.000000,0,0.000000,0
45,2026-09-10T07:14:56.070551+00:00,4.500102,baseline_switches_off,0.000000,0,0.000000,0
46,2026-09-10T07:14:56.170535+00:00,4.600091,baseline_switches_off,0.000000,0,0.000000,0
47,2026-09-10T07:14:56.270561+00:00,4.700091,baseline_switches_off,0.000000,0,0.000000,0
48,2026-09-10T07:14:56.372094+00:00,4.800164,baseline_switches_off,0.000000,0,0.000000,0
49,2026-09-10T07:14:56.472028+00:00,4.900165,baseline_switches_off,0.000000,0,0.000000,0
50,2026-09-10T07:14:56.572138+00:00,5.000177,baseline_switches_off,0.000000,0,0.000000,0
51,2026-09-10T07:14:56.671958+00:00,5.100147,baseline_switches_off,0.000000,0,0.000000,0
52,2026-09-10T07:14:56.771924+00:00,5.200131,baseline_switches_off,0.000000,0,0.000000,0
53,2026-09-10T07:14:56.871949+00:00,5.300145,baseline_switches_off,0.000000,0,0.000000,0
54,2026-09-10T07:14:56.972015+00:00,5.400178,baseline_switches_off,0.000000,0,0.000000,0
55,2026-09-10T07:14:57.071993+00:00,5.500181,baseline_switches_off,0.000000,0,0.000000,0
56,2026-09-10T07:14:57.171977+00:00,5.600132,baseline_switches_off,0.000000,0,0.000000,0
57,2026-09-10T07:14:57.271968+00:00,5.700135,baseline_switches_off,0.000000,0,0.000000,0
58,2026-09-10T07:14:57.371936+00:00,5.800134,baseline_switches_off,0.000000,0,0.000000,0
59,2026-09-10T07:14:57.472222+00:00,5.900209,baseline_switches_off,0.000000,0,0.000000,0
60,2026-09-10T07:14:57.572107+00:00,6.000167,baseline_switches_off,0.000000,0,0.000000,0
61,2026-09-10T07:14:57.671988+00:00,6.100150,baseline_switches_off,0.000000,0,0.000000,0
62,2026-09-10T07:14:57.771936+00:00,6.200133,baseline_switches_off,0.000000,0,0.000000,0
63,2026-09-10T07:14:57.872071+00:00,6.300167,baseline_switches_off,0.000000,0,0.000000,0
64,2026-09-10T07:14:57.971975+00:00,6.400144,baseline_switches_off,0.000000,0,0.000000,0
65,2026-09-10T07:14:58.072013+00:00,6.500148,baseline_switches_off,0.000000,0,0.000000,0
66,2026-09-10T07:14:58.172119+00:00,6.600167,baseline_switches_off,0.000000,0,0.000000,0
67,2026-09-10T07:14:58.272017+00:00,6.700155,baseline_switches_off,0.000000,0,0.000000,0
68,2026-09-10T07:14:58.371980+00:00,6.800144,baseline_switches_off,0.000000,0,0.000000,0
69,2026-09-10T07:14:58.472044+00:00,6.900150,baseline_switches_off,0.000000,0,0.000000,0
70,2026-09-10T07:14:58.571934+00:00,7.000134,baseline_switches_off,0.000000,0,0.000000,0
71,2026-09-10T07:14:58.671919+00:00,7.100129,baseline_switches_off,0.000000,0,0.000000,0
72,2026-09-10T07:14:58.771927+00:00,7.200130,baseline_switches_off,0.000000,0,0.000000,0
73,2026-09-10T07:14:58.871931+00:00,7.300130,baseline_switches_off,0.000000,0,0.000000,0
74,2026-09-10T07:14:58.971932+00:00,7.400129,baseline_switches_off,0.000000,0,0.000000,0
75,2026-09-10T07:14:59.071926+00:00,7.500132,baseline_switches_off,0.000000,0,0.000000,0
76,2026-09-10T07:14:59.171929+00:00,7.600128,baseline_switches_off,0.000000,0,0.000000,0
77,2026-09-10T07:14:59.271957+00:00,7.700134,baseline_switches_off,0.000000,0,0.000000,0
78,2026-09-10T07:14:59.371947+00:00,7.800149,baseline_switches_off,0.000000,0,0.000000,0
79,2026-09-10T07:14:59.471930+00:00,7.900128,baseline_switches_off,0.000000,0,0.000000,0
80,2026-09-10T07:14:59.571942+00:00,8.000128,baseline_switches_off,0.000000,0,0.000000,0
81,2026-09-10T07:14:59.671966+00:00,8.100125,baseline_switches_off,0.000000,0,0.000000,0
82,2026-09-10T07:14:59.771930+00:00,8.200132,baseline_switches_off,0.000000,0,0.000000,0
83,2026-09-10T07:14:59.871927+00:00,8.300128,baseline_switches_off,0.000000,0,0.000000,0
84,2026-09-10T07:14:59.971947+00:00,8.400129,baseline_switches_off,0.000000,0,0.000000,0
85,2026-09-10T07:15:00.071973+00:00,8.500133,baseline_switches_off,0.000000,0,0.000000,0
86,2026-09-10T07:15:00.171923+00:00,8.600129,baseline_switches_off,0.000000,0,0.000000,0
87,2026-09-10T07:15:00.271937+00:00,8.700130,baseline_switches_off,0.000000,0,0.000000,0
88,2026-09-10T07:15:00.371938+00:00,8.800134,baseline_switches_off,0.000000,0,0.000000,0
89,2026-09-10T07:15:00.471976+00:00,8.900146,baseline_switches_off,0.000000,0,0.000000,0
90,2026-09-10T07:15:00.571933+00:00,9.000136,baseline_switches_off,0.000000,0,0.000000,0
91,2026-09-10T07:15:00.671948+00:00,9.100131,baseline_switches_off,0.000000,0,0.000000,0
92,2026-09-10T07:15:00.771972+00:00,9.200132,baseline_switches_off,0.000000,0,0.000000,0
93,2026-09-10T07:15:00.871958+00:00,9.300129,baseline_switches_off,0.000000,0,0.000000,0
94,2026-09-10T07:15:00.971964+00:00,9.400129,baseline_switches_off,0.000000,0,0.000000,0
95,2026-09-10T07:15:01.071970+00:00,9.500132,baseline_switches_off,0.000000,0,0.000000,0
96,2026-09-10T07:15:01.171949+00:00,9.600130,baseline_switches_off,0.000000,0,0.000000,0
97,2026-09-10T07:15:01.271962+00:00,9.700133,baseline_switches_off,0.000000,0,0.000000,0
98,2026-09-10T07:15:01.372001+00:00,9.800143,baseline_switches_off,0.000000,0,0.000000,0
99,2026-09-10T07:15:01.472086+00:00,9.900163,baseline_switches_off,0.000000,0,0.000000,0
100,2026-09-10T07:15:01.571940+00:00,10.000142,baseline_switches_off,0.000000,0,0.000000,0
101,2026-09-10T07:15:01.671926+00:00,10.100131,baseline_switches_off,0.000000,0,0.000000,0
102,2026-09-10T07:15:01.771933+00:00,10.200129,baseline_switches_off,0.000000,0,0.000000,0
103,2026-09-10T07:15:01.871940+00:00,10.300144,baseline_switches_off,0.000000,0,0.000000,0
104,2026-09-10T07:15:01.971972+00:00,10.400170,baseline_switches_off,0.000000,0,0.000000,0
105,2026-09-10T07:15:02.071949+00:00,10.500129,baseline_switches_off,0.000000,0,0.000000,0
106,2026-09-10T07:15:02.171925+00:00,10.600130,baseline_switches_off,0.000000,0,0.000000,0
107,2026-09-10T07:15:02.271927+00:00,10.700127,baseline_switches_off,0.000000,0,0.000000,0
108,2026-09-10T07:15:02.371960+00:00,10.800136,baseline_switches_off,0.000000,0,0.000000,0
109,2026-09-10T07:15:02.471941+00:00,10.900136,baseline_switches_off,0.000000,0,0.000000,0
110,2026-09-10T07:15:02.571950+00:00,11.000129,baseline_switches_off,0.000000,0,0.000000,0
111,2026-09-10T07:15:02.671974+00:00,11.100131,baseline_switches_off,0.000000,0,0.000000,0
112,2026-09-10T07:15:02.771929+00:00,11.200132,baseline_switches_off,0.000000,0,0.000000,0
113,2026-09-10T07:15:02.871928+00:00,11.300131,baseline_switches_off,0.000000,0,0.000000,0
114,2026-09-10T07:15:02.971925+00:00,11.400130,baseline_switches_off,0.000000,0,0.000000,0
115,2026-09-10T07:15:03.071924+00:00,11.500127,baseline_switches_off,0.000000,0,0.000000,0
116,2026-09-10T07:15:03.171928+00:00,11.600130,baseline_switches_off,0.000000,0,0.000000,0
117,2026-09-10T07:15:03.271920+00:00,11.700127,baseline_switches_off,0.000000,0,0.000000,0
118,2026-09-10T07:15:03.371946+00:00,11.800132,baseline_switches_off,0.000000,0,0.000000,0
119,2026-09-10T07:15:03.472221+00:00,11.900199,baseline_switches_off,0.000000,0,0.000000,0
120,2026-09-10T07:15:03.571989+00:00,12.000148,baseline_switches_off,0.000000,0,0.000000,0
121,2026-09-10T07:15:03.671975+00:00,12.100133,baseline_switches_off,0.000000,0,0.000000,0
122,2026-09-10T07:15:03.771959+00:00,12.200132,baseline_switches_off,0.000000,0,0.000000,0
123,2026-09-10T07:15:03.871986+00:00,12.300131,baseline_switches_off,0.000000,0,0.000000,0
124,2026-09-10T07:15:03.971987+00:00,12.400144,baseline_switches_off,0.000000,0,0.000000,0
125,2026-09-10T07:15:04.071999+00:00,12.500132,baseline_switches_off,0.000000,0,0.000000,0
126,2026-09-10T07:15:04.172078+00:00,12.600166,baseline_switches_off,0.000000,0,0.000000,0
127,2026-09-10T07:15:04.271992+00:00,12.700154,baseline_switches_off,0.000000,0,0.000000,0
128,2026-09-10T07:15:04.371946+00:00,12.800141,baseline_switches_off,0.000000,0,0.000000,0
129,2026-09-10T07:15:04.472017+00:00,12.900155,baseline_switches_off,0.000000,0,0.000000,0
130,2026-09-10T07:15:04.571964+00:00,13.000157,baseline_switches_off,0.000000,0,0.000000,0
131,2026-09-10T07:15:04.671929+00:00,13.100132,baseline_switches_off,0.000000,0,0.000000,0
132,2026-09-10T07:15:04.771938+00:00,13.200128,baseline_switches_off,0.000000,0,0.000000,0
133,2026-09-10T07:15:04.871964+00:00,13.300130,baseline_switches_off,0.000000,0,0.000000,0
134,2026-09-10T07:15:04.971923+00:00,13.400129,baseline_switches_off,0.000000,0,0.000000,0
135,2026-09-10T07:15:05.071931+00:00,13.500133,baseline_switches_off,0.000000,0,0.000000,0
136,2026-09-10T07:15:05.172143+00:00,13.600131,baseline_switches_off,0.000000,0,0.000000,0
137,2026-09-10T07:15:05.272088+00:00,13.700166,baseline_switches_off,0.000000,0,0.000000,0
138,2026-09-10T07:15:05.371951+00:00,13.800139,baseline_switches_off,0.000000,0,0.000000,0
139,2026-09-10T07:15:05.471940+00:00,13.900136,baseline_switches_off,0.000000,0,0.000000,0
140,2026-09-10T07:15:05.571954+00:00,14.000132,baseline_switches_off,0.000000,0,0.000000,0
141,2026-09-10T07:15:05.671970+00:00,14.100131,baseline_switches_off,0.000000,0,0.000000,0
142,2026-09-10T07:15:05.771965+00:00,14.200128,baseline_switches_off,0.000000,0,0.000000,0
143,2026-09-10T07:15:05.871969+00:00,14.300127,baseline_switches_off,0.000000,0,0.000000,0
144,2026-09-10T07:15:05.971925+00:00,14.400130,baseline_switches_off,0.000000,0,0.000000,0
145,2026-09-10T07:15:06.071923+00:00,14.500130,baseline_switches_off,0.000000,0,0.000000,0
146,2026-09-10T07:15:06.171944+00:00,14.600129,baseline_switches_off,0.000000,0,0.000000,0
147,2026-09-10T07:15:06.271928+00:00,14.700129,baseline_switches_off,0.000000,0,0.000000,0
148,2026-09-10T07:15:06.371946+00:00,14.800131,baseline_switches_off,0.000000,0,0.000000,0
149,2026-09-10T07:15:06.471944+00:00,14.900143,baseline_switches_off,0.000000,0,0.000000,0
150,2026-09-10T07:15:06.572074+00:00,15.000179,baseline_switches_off,0.000000,0,0.000000,0
151,2026-09-10T07:15:06.671992+00:00,15.100185,baseline_switches_off,0.000000,0,0.000000,0
152,2026-09-10T07:15:06.771936+00:00,15.200131,baseline_switches_off,0.000000,0,0.000000,0
153,2026-09-10T07:15:06.871943+00:00,15.300138,baseline_switches_off,0.000000,0,0.000000,0
154,2026-09-10T07:15:06.971946+00:00,15.400133,baseline_switches_off,0.000000,0,0.000000,0
155,2026-09-10T07:15:07.071925+00:00,15.500130,baseline_switches_off,0.000000,0,0.000000,0
156,2026-09-10T07:15:07.171952+00:00,15.600130,baseline_switches_off,0.000000,0,0.000000,0
157,2026-09-10T07:15:07.271922+00:00,15.700132,baseline_switches_off,0.000000,0,0.000000,0
158,2026-09-10T07:15:07.371921+00:00,15.800131,baseline_switches_off,0.000000,0,0.000000,0
159,2026-09-10T07:15:07.471942+00:00,15.900133,baseline_switches_off,0.000000,0,0.000000,0
160,2026-09-10T07:15:07.571930+00:00,16.000129,baseline_switches_off,0.000000,0,0.000000,0
161,2026-09-10T07:15:07.671923+00:00,16.100130,baseline_switches_off,0.000000,0,0.000000,0
162,2026-09-10T07:15:07.771919+00:00,16.200128,baseline_switches_off,0.000000,0,0.000000,0
163,2026-09-10T07:15:07.871937+00:00,16.300132,baseline_switches_off,0.000000,0,0.000000,0
164,2026-09-10T07:15:07.971931+00:00,16.400133,baseline_switches_off,0.000000,0,0.000000,0
165,2026-09-10T07:15:08.071924+00:00,16.500131,baseline_switches_off,0.000000,0,0.000000,0
166,2026-09-10T07:15:08.171923+00:00,16.600129,baseline_switches_off,0.000000,0,0.000000,0
167,2026-09-10T07:15:08.271926+00:00,16.700130,baseline_switches_off,0.000000,0,0.000000,0
168,2026-09-10T07:15:08.371926+00:00,16.800130,baseline_switches_off,0.000000,0,0.000000,0
169,2026-09-10T07:15:08.472027+00:00,16.900148,baseline_switches_off,0.000000,0,0.000000,0
170,2026-09-10T07:15:08.571973+00:00,17.000134,baseline_switches_off,0.000000,0,0.000000,0
171,2026-09-10T07:15:08.671977+00:00,17.100133,baseline_switches_off,0.000000,0,0.000000,0
172,2026-09-10T07:15:08.771925+00:00,17.200129,baseline_switches_off,0.000000,0,0.000000,0
173,2026-09-10T07:15:08.871923+00:00,17.300128,baseline_switches_off,0.000000,0,0.000000,0
174,2026-09-10T07:15:08.971937+00:00,17.400133,baseline_switches_off,0.000000,0,0.000000,0
175,2026-09-10T07:15:09.071927+00:00,17.500132,baseline_switches_off,0.000000,0,0.000000,0
176,2026-09-10T07:15:09.171929+00:00,17.600129,baseline_switches_off,0.000000,0,0.000000,0
177,2026-09-10T07:15:09.271934+00:00,17.700129,baseline_switches_off,0.000000,0,0.000000,0
178,2026-09-10T07:15:09.371933+00:00,17.800128,baseline_switches_off,0.000000,0,0.000000,0
179,2026-09-10T07:15:09.472177+00:00,17.900211,baseline_switches_off,0.000000,0,0.000000,0
180,2026-09-10T07:15:09.571997+00:00,18.000171,baseline_switches_off,0.000000,0,0.000000,0
181,2026-09-10T07:15:09.671944+00:00,18.100136,baseline_switches_off,0.000000,0,0.000000,0
182,2026-09-10T07:15:09.771946+00:00,18.200132,baseline_switches_off,0.000000,0,0.000000,0
183,2026-09-10T07:15:09.871932+00:00,18.300134,baseline_switches_off,0.000000,0,0.000000,0
184,2026-09-10T07:15:09.971928+00:00,18.400131,baseline_switches_off,0.000000,0,0.000000,0
185,2026-09-10T07:15:10.071918+00:00,18.500130,baseline_switches_off,0.000000,0,0.000000,0
186,2026-09-10T07:15:10.171922+00:00,18.600129,baseline_switches_off,0.000000,0,0.000000,0
187,2026-09-10T07:15:10.272218+00:00,18.700188,baseline_switches_off,0.000000,0,0.000000,0
188,2026-09-10T07:15:10.371949+00:00,18.800151,baseline_switches_off,0.000000,0,0.000000,0
189,2026-09-10T07:15:10.471982+00:00,18.900144,baseline_switches_off,0.000000,0,0.000000,0
190,2026-09-10T07:15:10.571957+00:00,19.000139,baseline_switches_off,0.000000,0,0.000000,0
191,2026-09-10T07:15:10.671972+00:00,19.100144,baseline_switches_off,0.000000,0,0.000000,0
192,2026-09-10T07:15:10.771960+00:00,19.200134,baseline_switches_off,0.000000,0,0.000000,0
193,2026-09-10T07:15:10.871971+00:00,19.300132,baseline_switches_off,0.000000,0,0.000000,0
194,2026-09-10T07:15:10.971949+00:00,19.400128,baseline_switches_off,0.000000,0,0.000000,0
195,2026-09-10T07:15:11.071973+00:00,19.500131,baseline_switches_off,0.000000,0,0.000000,0
196,2026-09-10T07:15:11.171929+00:00,19.600131,baseline_switches_off,0.000000,0,0.000000,0
197,2026-09-10T07:15:11.271948+00:00,19.700132,baseline_switches_off,0.000000,0,0.000000,0
198,2026-09-10T07:15:11.371937+00:00,19.800132,baseline_switches_off,0.000000,0,0.000000,0
199,2026-09-10T07:15:11.471946+00:00,19.900143,baseline_switches_off,0.000000,0,0.000000,0
200,2026-09-10T07:15:11.571961+00:00,20.000145,baseline_switches_off,0.000000,0,0.000000,0
201,2026-09-10T07:15:11.672062+00:00,20.100173,baseline_switches_off,0.000000,0,0.000000,0
202,2026-09-10T07:15:11.771997+00:00,20.200183,baseline_switches_off,0.000000,0,0.000000,0
203,2026-09-10T07:15:11.871935+00:00,20.300132,baseline_switches_off,0.000000,0,0.000000,0
204,2026-09-10T07:15:11.971927+00:00,20.400129,baseline_switches_off,0.000000,0,0.000000,0
205,2026-09-10T07:15:12.071929+00:00,20.500126,baseline_switches_off,0.000000,0,0.000000,0
206,2026-09-10T07:15:12.171928+00:00,20.600127,baseline_switches_off,0.000000,0,0.000000,0
207,2026-09-10T07:15:12.271919+00:00,20.700130,baseline_switches_off,0.000000,0,0.000000,0
208,2026-09-10T07:15:12.371936+00:00,20.800132,baseline_switches_off,0.000000,0,0.000000,0
209,2026-09-10T07:15:12.471986+00:00,20.900145,baseline_switches_off,0.000000,0,0.000000,0
210,2026-09-10T07:15:12.571938+00:00,21.000129,baseline_switches_off,0.000000,0,0.000000,0
211,2026-09-10T07:15:12.671930+00:00,21.100131,baseline_switches_off,0.000000,0,0.350000,2800
212,2026-09-10T07:15:12.771933+00:00,21.200130,baseline_switches_off,0.000000,0,0.498000,3984
213,2026-09-10T07:15:12.871947+00:00,21.300132,baseline_switches_off,0.000000,0,0.498000,3984
214,2026-09-10T07:15:12.972096+00:00,21.400164,baseline_switches_off,0.000000,0,0.500000,4000
215,2026-09-10T07:15:13.071939+00:00,21.500141,baseline_switches_off,0.000000,0,0.498000,3984
216,2026-09-10T07:15:13.171931+00:00,21.600132,baseline_switches_off,0.000000,0,0.498000,3984
217,2026-09-10T07:15:13.271920+00:00,21.700129,baseline_switches_off,0.000000,0,0.498000,3984
218,2026-09-10T07:15:13.371952+00:00,21.800131,baseline_switches_off,0.000000,0,0.498000,3984
219,2026-09-10T07:15:13.471965+00:00,21.900131,baseline_switches_off,0.000000,0,0.498000,3984
220,2026-09-10T07:15:13.571963+00:00,22.000130,baseline_switches_off,0.000000,0,0.498000,3984
221,2026-09-10T07:15:13.671953+00:00,22.100133,baseline_switches_off,0.000000,0,0.498000,3984
222,2026-09-10T07:15:13.771928+00:00,22.200129,baseline_switches_off,0.000000,0,0.498000,3984
223,2026-09-10T07:15:13.871922+00:00,22.300129,baseline_switches_off,0.000000,0,0.498000,3984
224,2026-09-10T07:15:13.971935+00:00,22.400133,baseline_switches_off,0.000000,0,0.498000,3984
225,2026-09-10T07:15:14.071933+00:00,22.500130,baseline_switches_off,0.000000,0,0.498000,3984
226,2026-09-10T07:15:14.171920+00:00,22.600129,baseline_switches_off,0.000000,0,0.498000,3984
227,2026-09-10T07:15:14.271932+00:00,22.700129,baseline_switches_off,0.000000,0,0.498000,3984
228,2026-09-10T07:15:14.371935+00:00,22.800131,baseline_switches_off,0.000000,0,0.498000,3984
229,2026-09-10T07:15:14.471954+00:00,22.900133,baseline_switches_off,0.000000,0,0.498000,3984
230,2026-09-10T07:15:14.571946+00:00,23.000134,baseline_switches_off,0.000000,0,0.498000,3984
231,2026-09-10T07:15:14.671961+00:00,23.100145,baseline_switches_off,0.000000,0,0.498000,3984
232,2026-09-10T07:15:14.771972+00:00,23.200168,baseline_switches_off,0.000000,0,0.498000,3984
233,2026-09-10T07:15:14.871982+00:00,23.300170,baseline_switches_off,0.000000,0,0.498000,3984
234,2026-09-10T07:15:14.971934+00:00,23.400130,baseline_switches_off,0.000000,0,0.498000,3984
235,2026-09-10T07:15:15.071956+00:00,23.500128,baseline_switches_off,0.000000,0,0.498000,3984
236,2026-09-10T07:15:15.171927+00:00,23.600129,baseline_switches_off,0.000000,0,0.498000,3984
237,2026-09-10T07:15:15.271936+00:00,23.700130,baseline_switches_off,0.000000,0,0.498000,3984
238,2026-09-10T07:15:15.371940+00:00,23.800130,baseline_switches_off,0.000000,0,0.498000,3984
239,2026-09-10T07:15:15.472192+00:00,23.900213,baseline_switches_off,0.000000,0,0.498000,3984
240,2026-09-10T07:15:15.571954+00:00,24.000146,baseline_switches_off,0.000000,0,0.498000,3984
241,2026-09-10T07:15:15.671964+00:00,24.100137,baseline_switches_off,0.000000,0,0.584000,4672
242,2026-09-10T07:15:15.771929+00:00,24.200131,baseline_switches_off,0.000000,0,0.700000,5600
243,2026-09-10T07:15:15.871926+00:00,24.300128,baseline_switches_off,0.000000,0,0.700000,5600
244,2026-09-10T07:15:15.972021+00:00,24.400134,baseline_switches_off,0.000000,0,0.700000,5600
245,2026-09-10T07:15:16.071991+00:00,24.500154,baseline_switches_off,0.000000,0,0.700000,5600
246,2026-09-10T07:15:16.172075+00:00,24.600137,baseline_switches_off,0.000000,0,0.700000,5600
247,2026-09-10T07:15:16.271992+00:00,24.700164,baseline_switches_off,0.000000,0,0.700000,5600
248,2026-09-10T07:15:16.371960+00:00,24.800140,baseline_switches_off,0.000000,0,0.700000,5600
249,2026-09-10T07:15:16.472032+00:00,24.900160,baseline_switches_off,0.000000,0,0.700000,5600
250,2026-09-10T07:15:16.571989+00:00,25.000144,baseline_switches_off,0.000000,0,0.700000,5600
251,2026-09-10T07:15:16.672017+00:00,25.100145,baseline_switches_off,0.000000,0,0.698000,5584
252,2026-09-10T07:15:16.772095+00:00,25.200162,baseline_switches_off,0.000000,0,0.700000,5600
253,2026-09-10T07:15:16.872132+00:00,25.300171,baseline_switches_off,0.000000,0,0.700000,5600
254,2026-09-10T07:15:16.971953+00:00,25.400146,baseline_switches_off,0.000000,0,0.702000,5616
255,2026-09-10T07:15:17.071979+00:00,25.500146,baseline_switches_off,0.000000,0,0.704000,5632
256,2026-09-10T07:15:17.171940+00:00,25.600136,baseline_switches_off,0.000000,0,0.744000,5952
257,2026-09-10T07:15:17.271948+00:00,25.700146,baseline_switches_off,0.000000,0,0.840000,6720
258,2026-09-10T07:15:17.371999+00:00,25.800176,baseline_switches_off,0.000000,0,0.924000,7392
259,2026-09-10T07:15:17.471950+00:00,25.900145,baseline_switches_off,0.000000,0,1.024000,8192
260,2026-09-10T07:15:17.571974+00:00,26.000169,baseline_switches_off,0.000000,0,1.156000,9248
261,2026-09-10T07:15:17.671933+00:00,26.100130,baseline_switches_off,0.000000,0,1.260000,10080
262,2026-09-10T07:15:17.771943+00:00,26.200135,baseline_switches_off,0.000000,0,1.390000,11120
263,2026-09-10T07:15:17.871943+00:00,26.300134,baseline_switches_off,0.000000,0,1.558000,12464
264,2026-09-10T07:15:17.971929+00:00,26.400133,baseline_switches_off,0.000000,0,1.658000,13264
265,2026-09-10T07:15:18.071944+00:00,26.500132,baseline_switches_off,0.000000,0,1.788000,14304
266,2026-09-10T07:15:18.171960+00:00,26.600133,baseline_switches_off,0.000000,0,1.884000,15072
267,2026-09-10T07:15:18.271929+00:00,26.700131,baseline_switches_off,0.000000,0,1.924000,15392
268,2026-09-10T07:15:18.371922+00:00,26.800129,baseline_switches_off,0.000000,0,1.962000,15696
269,2026-09-10T07:15:18.471963+00:00,26.900134,baseline_switches_off,0.000000,0,1.980000,15840
270,2026-09-10T07:15:18.571927+00:00,27.000132,baseline_switches_off,0.000000,0,1.978000,15824
271,2026-09-10T07:15:18.671929+00:00,27.100131,baseline_switches_off,0.000000,0,1.978000,15824
272,2026-09-10T07:15:18.771937+00:00,27.200133,baseline_switches_off,0.000000,0,1.978000,15824
273,2026-09-10T07:15:18.872071+00:00,27.300167,baseline_switches_off,0.000000,0,1.974000,15792
274,2026-09-10T07:15:18.971949+00:00,27.400144,baseline_switches_off,0.000000,0,1.972000,15776
275,2026-09-10T07:15:19.071955+00:00,27.500131,baseline_switches_off,0.000000,0,1.972000,15776
276,2026-09-10T07:15:19.171982+00:00,27.600132,baseline_switches_off,0.000000,0,1.974000,15792
277,2026-09-10T07:15:19.271972+00:00,27.700131,baseline_switches_off,0.000000,0,1.974000,15792
278,2026-09-10T07:15:19.371999+00:00,27.800136,baseline_switches_off,0.000000,0,1.974000,15792
279,2026-09-10T07:15:19.471966+00:00,27.900136,baseline_switches_off,0.000000,0,1.974000,15792
280,2026-09-10T07:15:19.571939+00:00,28.000135,baseline_switches_off,0.000000,0,1.974000,15792
281,2026-09-10T07:15:19.671931+00:00,28.100130,baseline_switches_off,0.000000,0,1.974000,15792
282,2026-09-10T07:15:19.771948+00:00,28.200134,baseline_switches_off,0.000000,0,1.974000,15792
283,2026-09-10T07:15:19.871928+00:00,28.300129,baseline_switches_off,0.000000,0,1.974000,15792
284,2026-09-10T07:15:19.971932+00:00,28.400130,baseline_switches_off,0.000000,0,1.974000,15792
285,2026-09-10T07:15:20.071964+00:00,28.500133,baseline_switches_off,0.000000,0,1.974000,15792
286,2026-09-10T07:15:20.172018+00:00,28.600155,baseline_switches_off,0.000000,0,1.974000,15792
287,2026-09-10T07:15:20.271953+00:00,28.700143,baseline_switches_off,0.000000,0,1.972000,15776
288,2026-09-10T07:15:20.371950+00:00,28.800146,baseline_switches_off,0.000000,0,1.974000,15792
289,2026-09-10T07:15:20.471979+00:00,28.900144,baseline_switches_off,0.000000,0,1.974000,15792
290,2026-09-10T07:15:20.571958+00:00,29.000137,baseline_switches_off,0.000000,0,1.974000,15792
291,2026-09-10T07:15:20.671921+00:00,29.100131,baseline_switches_off,0.000000,0,1.974000,15792
292,2026-09-10T07:15:20.771941+00:00,29.200135,baseline_switches_off,0.000000,0,1.972000,15776
293,2026-09-10T07:15:20.871934+00:00,29.300131,baseline_switches_off,0.000000,0,1.972000,15776
294,2026-09-10T07:15:20.971920+00:00,29.400129,baseline_switches_off,0.000000,0,1.974000,15792
295,2026-09-10T07:15:21.071940+00:00,29.500131,baseline_switches_off,0.000000,0,1.972000,15776
296,2026-09-10T07:15:21.171930+00:00,29.600130,baseline_switches_off,0.000000,0,1.974000,15792
297,2026-09-10T07:15:21.271951+00:00,29.700131,baseline_switches_off,0.000000,0,1.974000,15792
298,2026-09-10T07:15:21.371919+00:00,29.800130,baseline_switches_off,0.000000,0,1.974000,15792
299,2026-09-10T07:15:21.472206+00:00,29.900210,baseline_switches_off,0.000000,0,1.974000,15792
300,2026-09-10T07:15:21.571977+00:00,30.000148,baseline_switches_off,0.000000,0,1.974000,15792
301,2026-09-10T07:15:21.671965+00:00,30.100132,baseline_switches_off,0.000000,0,1.974000,15792
302,2026-09-10T07:15:21.771955+00:00,30.200134,baseline_switches_off,0.000000,0,1.974000,15792
303,2026-09-10T07:15:21.872071+00:00,30.300160,baseline_switches_off,0.000000,0,2.022000,16176
304,2026-09-10T07:15:21.971988+00:00,30.400142,baseline_switches_off,0.000000,0,2.190000,17520
305,2026-09-10T07:15:22.071932+00:00,30.500132,baseline_switches_off,0.000000,0,2.348000,18784
306,2026-09-10T07:15:22.172206+00:00,30.600202,baseline_switches_off,0.000000,0,2.510000,20080
307,2026-09-10T07:15:22.271979+00:00,30.700154,baseline_switches_off,0.000000,0,2.700000,21600
308,2026-09-10T07:15:22.371954+00:00,30.800152,baseline_switches_off,0.000000,0,2.812000,22496
309,2026-09-10T07:15:22.471959+00:00,30.900141,baseline_switches_off,0.000000,0,2.924000,23392
310,2026-09-10T07:15:22.571954+00:00,31.000139,baseline_switches_off,0.000000,0,3.168000,25344
311,2026-09-10T07:15:22.671932+00:00,31.100130,baseline_switches_off,0.000000,0,3.294000,26352
312,2026-09-10T07:15:22.771941+00:00,31.200131,baseline_switches_off,0.000000,0,3.298000,26384
313,2026-09-10T07:15:22.872143+00:00,31.300166,baseline_switches_off,0.000000,0,3.298000,26384
314,2026-09-10T07:15:22.971951+00:00,31.400145,baseline_switches_off,0.000000,0,3.298000,26384
315,2026-09-10T07:15:23.071970+00:00,31.500131,baseline_switches_off,0.000000,0,3.298000,26384
316,2026-09-10T07:15:23.172086+00:00,31.600159,baseline_switches_off,0.000000,0,3.298000,26384
317,2026-09-10T07:15:23.271968+00:00,31.700142,baseline_switches_off,0.000000,0,3.300000,26400
318,2026-09-10T07:15:23.372009+00:00,31.800139,baseline_switches_off,0.000000,0,3.298000,26384
319,2026-09-10T07:15:23.471927+00:00,31.900134,baseline_switches_off,0.000000,0,3.300000,26400
320,2026-09-10T07:15:23.571935+00:00,32.000134,baseline_switches_off,0.000000,0,3.298000,26384
321,2026-09-10T07:15:23.671925+00:00,32.100131,baseline_switches_off,0.000000,0,3.298000,26384
322,2026-09-10T07:15:23.771932+00:00,32.200128,baseline_switches_off,0.000000,0,3.298000,26384
323,2026-09-10T07:15:23.871944+00:00,32.300133,baseline_switches_off,0.000000,0,3.296000,26368
324,2026-09-10T07:15:23.971926+00:00,32.400130,baseline_switches_off,0.000000,0,3.300000,26400
325,2026-09-10T07:15:24.071928+00:00,32.500131,baseline_switches_off,0.000000,0,3.298000,26384
326,2026-09-10T07:15:24.171932+00:00,32.600130,baseline_switches_off,0.000000,0,3.298000,26384
327,2026-09-10T07:15:24.271935+00:00,32.700131,baseline_switches_off,0.000000,0,3.300000,26400
328,2026-09-10T07:15:24.371934+00:00,32.800132,baseline_switches_off,0.000000,0,3.300000,26400
329,2026-09-10T07:15:24.471978+00:00,32.900144,baseline_switches_off,0.000000,0,3.300000,26400
330,2026-09-10T07:15:24.571945+00:00,33.000130,baseline_switches_off,0.000000,0,3.300000,26400
331,2026-09-10T07:15:24.671954+00:00,33.100145,baseline_switches_off,0.000000,0,3.300000,26400
332,2026-09-10T07:15:24.771974+00:00,33.200170,baseline_switches_off,0.000000,0,3.300000,26400
333,2026-09-10T07:15:24.871988+00:00,33.300169,baseline_switches_off,0.000000,0,3.300000,26400
334,2026-09-10T07:15:24.971977+00:00,33.400170,baseline_switches_off,0.000000,0,3.300000,26400
335,2026-09-10T07:15:25.071971+00:00,33.500171,baseline_switches_off,0.000000,0,3.300000,26400
336,2026-09-10T07:15:25.171928+00:00,33.600127,baseline_switches_off,0.000000,0,3.300000,26400
337,2026-09-10T07:15:25.271941+00:00,33.700129,baseline_switches_off,0.000000,0,3.300000,26400
338,2026-09-10T07:15:25.371945+00:00,33.800134,baseline_switches_off,0.000000,0,3.298000,26384
339,2026-09-10T07:15:25.471945+00:00,33.900130,baseline_switches_off,0.000000,0,3.300000,26400
340,2026-09-10T07:15:25.571931+00:00,34.000132,baseline_switches_off,0.000000,0,3.300000,26400
341,2026-09-10T07:15:25.671953+00:00,34.100130,baseline_switches_off,0.000000,0,3.300000,26400
342,2026-09-10T07:15:25.771936+00:00,34.200129,baseline_switches_off,0.000000,0,3.300000,26400
343,2026-09-10T07:15:25.871953+00:00,34.300130,baseline_switches_off,0.000000,0,3.300000,26400
344,2026-09-10T07:15:25.971973+00:00,34.400145,baseline_switches_off,0.000000,0,3.300000,26400
345,2026-09-10T07:15:26.071932+00:00,34.500133,baseline_switches_off,0.000000,0,3.300000,26400
346,2026-09-10T07:15:26.171947+00:00,34.600129,baseline_switches_off,0.000000,0,3.300000,26400
347,2026-09-10T07:15:26.271967+00:00,34.700130,baseline_switches_off,0.000000,0,3.300000,26400
348,2026-09-10T07:15:26.371942+00:00,34.800132,baseline_switches_off,0.000000,0,3.298000,26384
349,2026-09-10T07:15:26.471931+00:00,34.900132,baseline_switches_off,0.000000,0,3.300000,26400
350,2026-09-10T07:15:26.571952+00:00,35.000131,baseline_switches_off,0.000000,0,3.300000,26400
351,2026-09-10T07:15:26.671922+00:00,35.100130,baseline_switches_off,0.000000,0,3.300000,26400
352,2026-09-10T07:15:26.771936+00:00,35.200133,baseline_switches_off,0.000000,0,3.300000,26400
353,2026-09-10T07:15:26.872244+00:00,35.300211,baseline_switches_off,0.000000,0,3.300000,26400
354,2026-09-10T07:15:26.972065+00:00,35.400173,baseline_switches_off,0.000000,0,3.300000,26400
355,2026-09-10T07:15:27.071973+00:00,35.500164,baseline_switches_off,0.000000,0,3.300000,26400
356,2026-09-10T07:15:27.171921+00:00,35.600128,baseline_switches_off,0.000000,0,3.300000,26400
357,2026-09-10T07:15:27.271974+00:00,35.700139,baseline_switches_off,0.000000,0,3.300000,26400
358,2026-09-10T07:15:27.371944+00:00,35.800137,baseline_switches_off,0.000000,0,3.300000,26400
359,2026-09-10T07:15:27.472220+00:00,35.900213,baseline_switches_off,0.000000,0,3.300000,26400
360,2026-09-10T07:15:27.571954+00:00,36.000147,baseline_switches_off,0.000000,0,3.300000,26400
361,2026-09-10T07:15:27.672023+00:00,36.100153,baseline_switches_off,0.000000,0,3.296000,26368
362,2026-09-10T07:15:27.771963+00:00,36.200141,baseline_switches_off,0.000000,0,3.172000,25376
363,2026-09-10T07:15:27.871932+00:00,36.300131,baseline_switches_off,0.000000,0,2.954000,23632
364,2026-09-10T07:15:27.972163+00:00,36.400172,baseline_switches_off,0.000000,0,2.636000,21088
365,2026-09-10T07:15:28.072183+00:00,36.500193,baseline_switches_off,0.000000,0,2.472000,19776
366,2026-09-10T07:15:28.172043+00:00,36.600154,baseline_switches_off,0.000000,0,2.254000,18032
367,2026-09-10T07:15:28.271948+00:00,36.700143,baseline_switches_off,0.000000,0,2.118000,16944
368,2026-09-10T07:15:28.372102+00:00,36.800167,baseline_switches_off,0.000000,0,1.922000,15376
369,2026-09-10T07:15:28.472054+00:00,36.900168,baseline_switches_off,0.000000,0,1.736000,13888
370,2026-09-10T07:15:28.571980+00:00,37.000147,baseline_switches_off,0.000000,0,1.542000,12336
371,2026-09-10T07:15:28.672045+00:00,37.100137,baseline_switches_off,0.000000,0,1.388000,11104
372,2026-09-10T07:15:28.772125+00:00,37.200175,baseline_switches_off,0.000000,0,1.330000,10640
373,2026-09-10T07:15:28.871973+00:00,37.300151,baseline_switches_off,0.000000,0,1.340000,10720
374,2026-09-10T07:15:28.972168+00:00,37.400178,baseline_switches_off,0.000000,0,1.342000,10736
375,2026-09-10T07:15:29.072081+00:00,37.500171,baseline_switches_off,0.000000,0,1.342000,10736
376,2026-09-10T07:15:29.171980+00:00,37.600166,baseline_switches_off,0.000000,0,1.338000,10704
377,2026-09-10T07:15:29.271999+00:00,37.700134,baseline_switches_off,0.000000,0,1.134000,9072
378,2026-09-10T07:15:29.371999+00:00,37.800158,baseline_switches_off,0.000000,0,0.918000,7344
379,2026-09-10T07:15:29.471983+00:00,37.900140,baseline_switches_off,0.000000,0,0.712000,5696
380,2026-09-10T07:15:29.571933+00:00,38.000134,baseline_switches_off,0.000000,0,0.456000,3648
381,2026-09-10T07:15:29.671915+00:00,38.100129,baseline_switches_off,0.000000,0,0.216000,1728
382,2026-09-10T07:15:29.771967+00:00,38.200136,baseline_switches_off,0.000000,0,0.008000,64
383,2026-09-10T07:15:29.871931+00:00,38.300135,baseline_switches_off,0.000000,0,0.000000,0
384,2026-09-10T07:15:29.971974+00:00,38.400135,baseline_switches_off,0.000000,0,0.000000,0
385,2026-09-10T07:15:30.071967+00:00,38.500137,baseline_switches_off,0.000000,0,0.000000,0
386,2026-09-10T07:15:30.171962+00:00,38.600129,baseline_switches_off,0.000000,0,0.000000,0
387,2026-09-10T07:15:30.271965+00:00,38.700128,baseline_switches_off,0.000000,0,0.000000,0
388,2026-09-10T07:15:30.372189+00:00,38.800169,baseline_switches_off,0.000000,0,0.000000,0
389,2026-09-10T07:15:30.471952+00:00,38.900145,baseline_switches_off,0.000000,0,0.000000,0
390,2026-09-10T07:15:30.571938+00:00,39.000133,baseline_switches_off,0.000000,0,0.000000,0
391,2026-09-10T07:15:30.671925+00:00,39.100129,baseline_switches_off,0.000000,0,0.000000,0
392,2026-09-10T07:15:30.771921+00:00,39.200130,baseline_switches_off,0.000000,0,0.000000,0
393,2026-09-10T07:15:30.871945+00:00,39.300135,baseline_switches_off,0.000000,0,0.000000,0
394,2026-09-10T07:15:30.971932+00:00,39.400134,baseline_switches_off,0.000000,0,0.000000,0
395,2026-09-10T07:15:31.071942+00:00,39.500137,baseline_switches_off,0.000000,0,0.000000,0
396,2026-09-10T07:15:31.172094+00:00,39.600166,baseline_switches_off,0.000000,0,0.000000,0
397,2026-09-10T07:15:31.271954+00:00,39.700144,baseline_switches_off,0.000000,0,0.000000,0
398,2026-09-10T07:15:31.371973+00:00,39.800169,baseline_switches_off,0.000000,0,0.000000,0
399,2026-09-10T07:15:31.471967+00:00,39.900148,baseline_switches_off,0.000000,0,0.000000,0
400,2026-09-10T07:15:31.571971+00:00,40.000171,baseline_switches_off,0.000000,0,0.000000,0
401,2026-09-10T07:15:31.671961+00:00,40.100135,baseline_switches_off,0.000000,0,0.000000,0
402,2026-09-10T07:15:31.771962+00:00,40.200132,baseline_switches_off,0.000000,0,0.000000,0
403,2026-09-10T07:15:31.871928+00:00,40.300131,baseline_switches_off,0.000000,0,0.000000,0
404,2026-09-10T07:15:31.971938+00:00,40.400131,baseline_switches_off,0.000000,0,0.000000,0
405,2026-09-10T07:15:32.072064+00:00,40.500165,baseline_switches_off,0.000000,0,0.000000,0
406,2026-09-10T07:15:32.172071+00:00,40.600163,baseline_switches_off,0.000000,0,0.000000,0
407,2026-09-10T07:15:32.271966+00:00,40.700145,baseline_switches_off,0.000000,0,0.000000,0
408,2026-09-10T07:15:32.372159+00:00,40.800167,baseline_switches_off,0.000000,0,0.000000,0
409,2026-09-10T07:15:32.472001+00:00,40.900159,baseline_switches_off,0.000000,0,0.000000,0
410,2026-09-10T07:15:32.571957+00:00,41.000132,baseline_switches_off,0.000000,0,0.000000,0
411,2026-09-10T07:15:32.671970+00:00,41.100134,baseline_switches_off,0.000000,0,0.000000,0
412,2026-09-10T07:15:32.771954+00:00,41.200132,baseline_switches_off,0.000000,0,0.000000,0
413,2026-09-10T07:15:32.872016+00:00,41.300139,baseline_switches_off,0.000000,0,0.000000,0
414,2026-09-10T07:15:32.972072+00:00,41.400169,baseline_switches_off,0.000000,0,0.000000,0
415,2026-09-10T07:15:33.071983+00:00,41.500149,baseline_switches_off,0.000000,0,0.000000,0
416,2026-09-10T07:15:33.171946+00:00,41.600141,baseline_switches_off,0.000000,0,0.000000,0
417,2026-09-10T07:15:33.271923+00:00,41.700130,baseline_switches_off,0.000000,0,0.000000,0
418,2026-09-10T07:15:33.371921+00:00,41.800130,baseline_switches_off,0.000000,0,0.000000,0
419,2026-09-10T07:15:33.472180+00:00,41.900215,baseline_switches_off,0.000000,0,0.000000,0
420,2026-09-10T07:15:33.571957+00:00,42.000151,baseline_switches_off,0.000000,0,0.000000,0
421,2026-09-10T07:15:33.671949+00:00,42.100136,baseline_switches_off,0.000000,0,0.000000,0
422,2026-09-10T07:15:33.771936+00:00,42.200147,baseline_switches_off,0.000000,0,0.000000,0
423,2026-09-10T07:15:33.871943+00:00,42.300144,baseline_switches_off,0.000000,0,0.000000,0
424,2026-09-10T07:15:33.971970+00:00,42.400170,baseline_switches_off,0.000000,0,0.000000,0
425,2026-09-10T07:15:34.072012+00:00,42.500151,baseline_switches_off,0.000000,0,0.000000,0
426,2026-09-10T07:15:34.171957+00:00,42.600144,baseline_switches_off,0.000000,0,0.000000,0
427,2026-09-10T07:15:34.272208+00:00,42.700210,baseline_switches_off,0.000000,0,0.000000,0
428,2026-09-10T07:15:34.371969+00:00,42.800146,baseline_switches_off,0.000000,0,0.000000,0
429,2026-09-10T07:15:34.471937+00:00,42.900132,baseline_switches_off,0.000000,0,0.000000,0
430,2026-09-10T07:15:34.571935+00:00,43.000133,baseline_switches_off,0.000000,0,0.000000,0
431,2026-09-10T07:15:34.671996+00:00,43.100144,baseline_switches_off,0.000000,0,0.000000,0
432,2026-09-10T07:15:34.771972+00:00,43.200131,baseline_switches_off,0.000000,0,0.000000,0
433,2026-09-10T07:15:34.871955+00:00,43.300133,baseline_switches_off,0.000000,0,0.000000,0
434,2026-09-10T07:15:34.971970+00:00,43.400131,baseline_switches_off,0.000000,0,0.000000,0
435,2026-09-10T07:15:35.072152+00:00,43.500167,baseline_switches_off,0.000000,0,0.000000,0
436,2026-09-10T07:15:35.171959+00:00,43.600146,baseline_switches_off,0.368000,2944,0.000000,0
437,2026-09-10T07:15:35.271929+00:00,43.700132,baseline_switches_off,0.434000,3472,0.000000,0
438,2026-09-10T07:15:35.371928+00:00,43.800129,baseline_switches_off,0.548000,4384,0.000000,0
439,2026-09-10T07:15:35.471948+00:00,43.900145,baseline_switches_off,0.562000,4496,0.000000,0
440,2026-09-10T07:15:35.572035+00:00,44.000190,baseline_switches_off,0.562000,4496,0.000000,0
441,2026-09-10T07:15:35.671983+00:00,44.100177,baseline_switches_off,0.562000,4496,0.000000,0
442,2026-09-10T07:15:35.771926+00:00,44.200129,baseline_switches_off,0.560000,4480,0.000000,0
443,2026-09-10T07:15:35.871946+00:00,44.300129,baseline_switches_off,0.560000,4480,0.000000,0
444,2026-09-10T07:15:35.971931+00:00,44.400132,baseline_switches_off,0.562000,4496,0.000000,0
445,2026-09-10T07:15:36.071958+00:00,44.500135,baseline_switches_off,0.564000,4512,0.000000,0
446,2026-09-10T07:15:36.171945+00:00,44.600137,baseline_switches_off,0.562000,4496,0.000000,0
447,2026-09-10T07:15:36.271930+00:00,44.700131,baseline_switches_off,0.562000,4496,0.000000,0
448,2026-09-10T07:15:36.371927+00:00,44.800128,baseline_switches_off,0.562000,4496,0.000000,0
449,2026-09-10T07:15:36.472000+00:00,44.900146,baseline_switches_off,0.562000,4496,0.000000,0
450,2026-09-10T07:15:36.571946+00:00,45.000131,baseline_switches_off,0.560000,4480,0.000000,0
451,2026-09-10T07:15:36.671959+00:00,45.100140,baseline_switches_off,0.560000,4480,0.000000,0
452,2026-09-10T07:15:36.771932+00:00,45.200132,baseline_switches_off,0.562000,4496,0.000000,0
453,2026-09-10T07:15:36.871941+00:00,45.300129,baseline_switches_off,0.562000,4496,0.000000,0
454,2026-09-10T07:15:36.971936+00:00,45.400132,baseline_switches_off,0.562000,4496,0.000000,0
455,2026-09-10T07:15:37.071935+00:00,45.500131,baseline_switches_off,0.560000,4480,0.000000,0
456,2026-09-10T07:15:37.172079+00:00,45.600164,baseline_switches_off,0.562000,4496,0.000000,0
457,2026-09-10T07:15:37.271964+00:00,45.700142,baseline_switches_off,0.560000,4480,0.000000,0
458,2026-09-10T07:15:37.371936+00:00,45.800134,baseline_switches_off,0.560000,4480,0.000000,0
459,2026-09-10T07:15:37.471926+00:00,45.900129,baseline_switches_off,0.560000,4480,0.000000,0
460,2026-09-10T07:15:37.571968+00:00,46.000138,baseline_switches_off,0.560000,4480,0.000000,0
461,2026-09-10T07:15:37.671943+00:00,46.100135,baseline_switches_off,0.562000,4496,0.000000,0
462,2026-09-10T07:15:37.771940+00:00,46.200145,baseline_switches_off,0.560000,4480,0.000000,0
463,2026-09-10T07:15:37.871968+00:00,46.300168,baseline_switches_off,0.560000,4480,0.000000,0
464,2026-09-10T07:15:37.971947+00:00,46.400143,baseline_switches_off,0.560000,4480,0.000000,0
465,2026-09-10T07:15:38.071978+00:00,46.500170,baseline_switches_off,0.560000,4480,0.000000,0
466,2026-09-10T07:15:38.172055+00:00,46.600155,baseline_switches_off,0.560000,4480,0.000000,0
467,2026-09-10T07:15:38.271941+00:00,46.700137,baseline_switches_off,0.560000,4480,0.000000,0
468,2026-09-10T07:15:38.371922+00:00,46.800129,baseline_switches_off,0.560000,4480,0.000000,0
469,2026-09-10T07:15:38.471949+00:00,46.900134,baseline_switches_off,0.560000,4480,0.000000,0
470,2026-09-10T07:15:38.571943+00:00,47.000134,baseline_switches_off,0.560000,4480,0.000000,0
471,2026-09-10T07:15:38.671947+00:00,47.100134,baseline_switches_off,0.560000,4480,0.000000,0
472,2026-09-10T07:15:38.771928+00:00,47.200131,baseline_switches_off,0.560000,4480,0.000000,0
473,2026-09-10T07:15:38.871936+00:00,47.300129,baseline_switches_off,0.560000,4480,0.000000,0
474,2026-09-10T07:15:38.971935+00:00,47.400130,baseline_switches_off,0.560000,4480,0.000000,0
475,2026-09-10T07:15:39.071940+00:00,47.500132,baseline_switches_off,0.560000,4480,0.000000,0
476,2026-09-10T07:15:39.171935+00:00,47.600132,baseline_switches_off,0.560000,4480,0.000000,0
477,2026-09-10T07:15:39.271932+00:00,47.700130,baseline_switches_off,0.562000,4496,0.000000,0
478,2026-09-10T07:15:39.371932+00:00,47.800130,baseline_switches_off,0.562000,4496,0.000000,0
479,2026-09-10T07:15:39.472224+00:00,47.900215,baseline_switches_off,0.562000,4496,0.000000,0
480,2026-09-10T07:15:39.571965+00:00,48.000145,baseline_switches_off,0.564000,4512,0.000000,0
481,2026-09-10T07:15:39.671946+00:00,48.100134,baseline_switches_off,0.564000,4512,0.000000,0
482,2026-09-10T07:15:39.771929+00:00,48.200132,baseline_switches_off,0.566000,4528,0.000000,0
483,2026-09-10T07:15:39.871941+00:00,48.300136,baseline_switches_off,0.572000,4576,0.000000,0
484,2026-09-10T07:15:39.971928+00:00,48.400129,baseline_switches_off,0.592000,4736,0.000000,0
485,2026-09-10T07:15:40.071928+00:00,48.500130,baseline_switches_off,0.606000,4848,0.000000,0
486,2026-09-10T07:15:40.171948+00:00,48.600132,baseline_switches_off,0.626000,5008,0.000000,0
487,2026-09-10T07:15:40.271965+00:00,48.700135,baseline_switches_off,0.664000,5312,0.000000,0
488,2026-09-10T07:15:40.371929+00:00,48.800132,baseline_switches_off,0.784000,6272,0.000000,0
489,2026-09-10T07:15:40.471985+00:00,48.900149,baseline_switches_off,0.944000,7552,0.000000,0
490,2026-09-10T07:15:40.571953+00:00,49.000133,baseline_switches_off,1.126000,9008,0.000000,0
491,2026-09-10T07:15:40.671948+00:00,49.100131,baseline_switches_off,1.296000,10368,0.000000,0
492,2026-09-10T07:15:40.771946+00:00,49.200143,baseline_switches_off,1.436000,11488,0.000000,0
493,2026-09-10T07:15:40.871979+00:00,49.300169,baseline_switches_off,1.528000,12224,0.000000,0
494,2026-09-10T07:15:40.971952+00:00,49.400130,baseline_switches_off,1.570000,12560,0.000000,0
495,2026-09-10T07:15:41.071930+00:00,49.500130,baseline_switches_off,1.624000,12992,0.000000,0
496,2026-09-10T07:15:41.172084+00:00,49.600164,baseline_switches_off,1.704000,13632,0.000000,0
497,2026-09-10T07:15:41.271966+00:00,49.700151,baseline_switches_off,1.874000,14992,0.000000,0
498,2026-09-10T07:15:41.371949+00:00,49.800134,baseline_switches_off,2.058000,16464,0.000000,0
499,2026-09-10T07:15:41.471918+00:00,49.900128,baseline_switches_off,2.060000,16480,0.000000,0
500,2026-09-10T07:15:41.571917+00:00,50.000128,baseline_switches_off,2.058000,16464,0.000000,0
501,2026-09-10T07:15:41.671948+00:00,50.100133,baseline_switches_off,2.058000,16464,0.000000,0
502,2026-09-10T07:15:41.771968+00:00,50.200131,baseline_switches_off,2.056000,16448,0.000000,0
503,2026-09-10T07:15:41.871995+00:00,50.300137,baseline_switches_off,2.060000,16480,0.000000,0
504,2026-09-10T07:15:41.971914+00:00,50.400131,baseline_switches_off,2.060000,16480,0.000000,0
505,2026-09-10T07:15:42.071926+00:00,50.500131,baseline_switches_off,2.060000,16480,0.000000,0
506,2026-09-10T07:15:42.171961+00:00,50.600130,baseline_switches_off,2.060000,16480,0.000000,0
507,2026-09-10T07:15:42.272064+00:00,50.700164,baseline_switches_off,2.060000,16480,0.000000,0
508,2026-09-10T07:15:42.371945+00:00,50.800143,baseline_switches_off,2.060000,16480,0.000000,0
509,2026-09-10T07:15:42.471937+00:00,50.900144,baseline_switches_off,2.060000,16480,0.000000,0
510,2026-09-10T07:15:42.571925+00:00,51.000128,baseline_switches_off,2.060000,16480,0.000000,0
511,2026-09-10T07:15:42.671957+00:00,51.100130,baseline_switches_off,2.060000,16480,0.000000,0
512,2026-09-10T07:15:42.771936+00:00,51.200132,baseline_switches_off,2.060000,16480,0.000000,0
513,2026-09-10T07:15:42.872187+00:00,51.300215,baseline_switches_off,2.060000,16480,0.000000,0
514,2026-09-10T07:15:42.971965+00:00,51.400145,baseline_switches_off,2.060000,16480,0.000000,0
515,2026-09-10T07:15:43.071932+00:00,51.500131,baseline_switches_off,2.060000,16480,0.000000,0
516,2026-09-10T07:15:43.172035+00:00,51.600154,baseline_switches_off,2.058000,16464,0.000000,0
517,2026-09-10T07:15:43.271964+00:00,51.700141,baseline_switches_off,2.058000,16464,0.000000,0
518,2026-09-10T07:15:43.372008+00:00,51.800138,baseline_switches_off,2.060000,16480,0.000000,0
519,2026-09-10T07:15:43.471987+00:00,51.900142,baseline_switches_off,2.058000,16464,0.000000,0
520,2026-09-10T07:15:43.571969+00:00,52.000134,baseline_switches_off,2.058000,16464,0.000000,0
521,2026-09-10T07:15:43.671928+00:00,52.100128,baseline_switches_off,2.058000,16464,0.000000,0
522,2026-09-10T07:15:43.771927+00:00,52.200131,baseline_switches_off,2.058000,16464,0.000000,0
523,2026-09-10T07:15:43.871922+00:00,52.300129,baseline_switches_off,2.058000,16464,0.000000,0
524,2026-09-10T07:15:43.971926+00:00,52.400129,baseline_switches_off,2.058000,16464,0.000000,0
525,2026-09-10T07:15:44.071931+00:00,52.500130,baseline_switches_off,2.058000,16464,0.000000,0
526,2026-09-10T07:15:44.171959+00:00,52.600149,baseline_switches_off,2.058000,16464,0.000000,0
527,2026-09-10T07:15:44.271976+00:00,52.700168,baseline_switches_off,2.058000,16464,0.000000,0
528,2026-09-10T07:15:44.371951+00:00,52.800146,baseline_switches_off,2.058000,16464,0.000000,0
529,2026-09-10T07:15:44.471977+00:00,52.900144,baseline_switches_off,2.058000,16464,0.000000,0
530,2026-09-10T07:15:44.571947+00:00,53.000134,baseline_switches_off,2.058000,16464,0.000000,0
531,2026-09-10T07:15:44.671936+00:00,53.100128,baseline_switches_off,2.056000,16448,0.000000,0
532,2026-09-10T07:15:44.771953+00:00,53.200132,baseline_switches_off,2.056000,16448,0.000000,0
533,2026-09-10T07:15:44.871928+00:00,53.300130,baseline_switches_off,2.058000,16464,0.000000,0
534,2026-09-10T07:15:44.971925+00:00,53.400130,baseline_switches_off,2.074000,16592,0.000000,0
535,2026-09-10T07:15:45.071960+00:00,53.500133,baseline_switches_off,2.226000,17808,0.000000,0
536,2026-09-10T07:15:45.171957+00:00,53.600132,baseline_switches_off,2.434000,19472,0.000000,0
537,2026-09-10T07:15:45.271935+00:00,53.700131,baseline_switches_off,2.584000,20672,0.000000,0
538,2026-09-10T07:15:45.371939+00:00,53.800133,baseline_switches_off,2.712000,21696,0.000000,0
539,2026-09-10T07:15:45.472194+00:00,53.900195,baseline_switches_off,2.896000,23168,0.000000,0
540,2026-09-10T07:15:45.571955+00:00,54.000148,baseline_switches_off,3.124000,24992,0.000000,0
541,2026-09-10T07:15:45.671928+00:00,54.100130,baseline_switches_off,3.284000,26272,0.000000,0
542,2026-09-10T07:15:45.771921+00:00,54.200130,baseline_switches_off,3.300000,26400,0.000000,0
543,2026-09-10T07:15:45.871939+00:00,54.300131,baseline_switches_off,3.300000,26400,0.000000,0
544,2026-09-10T07:15:45.971932+00:00,54.400129,baseline_switches_off,3.300000,26400,0.000000,0
545,2026-09-10T07:15:46.072051+00:00,54.500130,baseline_switches_off,3.300000,26400,0.000000,0
546,2026-09-10T07:15:46.172026+00:00,54.600179,baseline_switches_off,3.298000,26384,0.000000,0
547,2026-09-10T07:15:46.271996+00:00,54.700150,baseline_switches_off,3.298000,26384,0.000000,0
548,2026-09-10T07:15:46.371958+00:00,54.800141,baseline_switches_off,3.298000,26384,0.000000,0
549,2026-09-10T07:15:46.471975+00:00,54.900147,baseline_switches_off,3.298000,26384,0.000000,0
550,2026-09-10T07:15:46.571936+00:00,55.000131,baseline_switches_off,3.298000,26384,0.000000,0
551,2026-09-10T07:15:46.671917+00:00,55.100128,baseline_switches_off,3.298000,26384,0.000000,0
552,2026-09-10T07:15:46.771926+00:00,55.200130,baseline_switches_off,3.298000,26384,0.000000,0
553,2026-09-10T07:15:46.871926+00:00,55.300131,baseline_switches_off,3.300000,26400,0.000000,0
554,2026-09-10T07:15:46.971925+00:00,55.400129,baseline_switches_off,3.298000,26384,0.000000,0
555,2026-09-10T07:15:47.071920+00:00,55.500129,baseline_switches_off,3.298000,26384,0.000000,0
556,2026-09-10T07:15:47.171943+00:00,55.600129,baseline_switches_off,3.300000,26400,0.000000,0
557,2026-09-10T07:15:47.271964+00:00,55.700131,baseline_switches_off,3.296000,26368,0.000000,0
558,2026-09-10T07:15:47.372091+00:00,55.800162,baseline_switches_off,3.300000,26400,0.000000,0
559,2026-09-10T07:15:47.471942+00:00,55.900144,baseline_switches_off,3.298000,26384,0.000000,0
560,2026-09-10T07:15:47.571923+00:00,56.000131,baseline_switches_off,3.298000,26384,0.000000,0
561,2026-09-10T07:15:47.671915+00:00,56.100128,baseline_switches_off,3.300000,26400,0.000000,0
562,2026-09-10T07:15:47.771970+00:00,56.200140,baseline_switches_off,3.298000,26384,0.000000,0
563,2026-09-10T07:15:47.871952+00:00,56.300134,baseline_switches_off,3.300000,26400,0.000000,0
564,2026-09-10T07:15:47.971965+00:00,56.400131,baseline_switches_off,3.298000,26384,0.000000,0
565,2026-09-10T07:15:48.071970+00:00,56.500130,baseline_switches_off,3.298000,26384,0.000000,0
566,2026-09-10T07:15:48.172045+00:00,56.600147,baseline_switches_off,3.298000,26384,0.000000,0
567,2026-09-10T07:15:48.272005+00:00,56.700143,baseline_switches_off,3.298000,26384,0.000000,0
568,2026-09-10T07:15:48.371947+00:00,56.800139,baseline_switches_off,3.300000,26400,0.000000,0
569,2026-09-10T07:15:48.472011+00:00,56.900151,baseline_switches_off,3.302000,26416,0.000000,0
570,2026-09-10T07:15:48.571938+00:00,57.000138,baseline_switches_off,3.298000,26384,0.000000,0
571,2026-09-10T07:15:48.671939+00:00,57.100131,baseline_switches_off,3.298000,26384,0.000000,0
572,2026-09-10T07:15:48.771957+00:00,57.200132,baseline_switches_off,3.298000,26384,0.000000,0
573,2026-09-10T07:15:48.871940+00:00,57.300132,baseline_switches_off,3.298000,26384,0.000000,0
574,2026-09-10T07:15:48.971946+00:00,57.400145,baseline_switches_off,3.300000,26400,0.000000,0
575,2026-09-10T07:15:49.071974+00:00,57.500170,baseline_switches_off,3.298000,26384,0.000000,0
576,2026-09-10T07:15:49.171950+00:00,57.600129,baseline_switches_off,3.298000,26384,0.000000,0
577,2026-09-10T07:15:49.271928+00:00,57.700126,baseline_switches_off,3.300000,26400,0.000000,0
578,2026-09-10T07:15:49.371955+00:00,57.800128,baseline_switches_off,3.298000,26384,0.000000,0
579,2026-09-10T07:15:49.471963+00:00,57.900133,baseline_switches_off,3.298000,26384,0.000000,0
580,2026-09-10T07:15:49.571925+00:00,58.000132,baseline_switches_off,3.298000,26384,0.000000,0
581,2026-09-10T07:15:49.671917+00:00,58.100129,baseline_switches_off,3.298000,26384,0.000000,0
582,2026-09-10T07:15:49.771927+00:00,58.200129,baseline_switches_off,3.298000,26384,0.000000,0
583,2026-09-10T07:15:49.871929+00:00,58.300129,baseline_switches_off,3.300000,26400,0.000000,0
584,2026-09-10T07:15:49.971947+00:00,58.400130,baseline_switches_off,3.100000,24800,0.000000,0
585,2026-09-10T07:15:50.071967+00:00,58.500133,baseline_switches_off,2.794000,22352,0.000000,0
586,2026-09-10T07:15:50.171949+00:00,58.600124,baseline_switches_off,2.454000,19632,0.000000,0
587,2026-09-10T07:15:50.271961+00:00,58.700133,baseline_switches_off,2.202000,17616,0.000000,0
588,2026-09-10T07:15:50.371929+00:00,58.800131,baseline_switches_off,2.070000,16560,0.000000,0
589,2026-09-10T07:15:50.471940+00:00,58.900131,baseline_switches_off,1.936000,15488,0.000000,0
590,2026-09-10T07:15:50.571949+00:00,59.000132,baseline_switches_off,1.810000,14480,0.000000,0
591,2026-09-10T07:15:50.671930+00:00,59.100129,baseline_switches_off,1.704000,13632,0.000000,0
592,2026-09-10T07:15:50.771951+00:00,59.200131,baseline_switches_off,1.566000,12528,0.000000,0
593,2026-09-10T07:15:50.871945+00:00,59.300144,baseline_switches_off,1.430000,11440,0.000000,0
594,2026-09-10T07:15:50.971974+00:00,59.400168,baseline_switches_off,1.268000,10144,0.000000,0
595,2026-09-10T07:15:51.071975+00:00,59.500168,baseline_switches_off,1.122000,8976,0.000000,0
596,2026-09-10T07:15:51.171920+00:00,59.600128,baseline_switches_off,1.004000,8032,0.000000,0
597,2026-09-10T07:15:51.271940+00:00,59.700133,baseline_switches_off,0.974000,7792,0.000000,0
598,2026-09-10T07:15:51.371945+00:00,59.800129,baseline_switches_off,0.976000,7808,0.000000,0
599,2026-09-10T07:15:51.472221+00:00,59.900203,baseline_switches_off,0.974000,7792,0.000000,0
600,2026-09-10T07:15:51.571961+00:00,60.000151,baseline_switches_off,0.974000,7792,0.000000,0
601,2026-09-10T07:15:51.672086+00:00,60.100172,baseline_switches_off,0.970000,7760,0.000000,0
602,2026-09-10T07:15:51.771988+00:00,60.200147,baseline_switches_off,0.882000,7056,0.000000,0
603,2026-09-10T07:15:51.872136+00:00,60.300170,baseline_switches_off,0.600000,4800,0.000000,0
604,2026-09-10T07:15:51.971939+00:00,60.400145,baseline_switches_off,0.188000,1504,0.000000,0
605,2026-09-10T07:15:52.071934+00:00,60.500136,baseline_switches_off,0.000000,0,0.000000,0
606,2026-09-10T07:15:52.171926+00:00,60.600129,baseline_switches_off,0.000000,0,0.000000,0
607,2026-09-10T07:15:52.272228+00:00,60.700197,baseline_switches_off,0.000000,0,0.000000,0
608,2026-09-10T07:15:52.372025+00:00,60.800152,baseline_switches_off,0.000000,0,0.000000,0
609,2026-09-10T07:15:52.472129+00:00,60.900178,baseline_switches_off,0.000000,0,0.000000,0
610,2026-09-10T07:15:52.571963+00:00,61.000147,baseline_switches_off,0.000000,0,0.000000,0
611,2026-09-10T07:15:52.672006+00:00,61.100147,baseline_switches_off,0.000000,0,0.000000,0
612,2026-09-10T07:15:52.771944+00:00,61.200138,baseline_switches_off,0.000000,0,0.000000,0
613,2026-09-10T07:15:52.871951+00:00,61.300136,baseline_switches_off,0.000000,0,0.000000,0
614,2026-09-10T07:15:52.971952+00:00,61.400133,baseline_switches_off,0.000000,0,0.000000,0
615,2026-09-10T07:15:53.071929+00:00,61.500133,baseline_switches_off,0.000000,0,0.000000,0
616,2026-09-10T07:15:53.171965+00:00,61.600166,baseline_switches_off,0.000000,0,0.000000,0
617,2026-09-10T07:15:53.271957+00:00,61.700145,baseline_switches_off,0.000000,0,0.000000,0
618,2026-09-10T07:15:53.371967+00:00,61.800168,baseline_switches_off,0.000000,0,0.000000,0
619,2026-09-10T07:15:53.471961+00:00,61.900129,baseline_switches_off,0.000000,0,0.000000,0
620,2026-09-10T07:15:53.571939+00:00,62.000132,baseline_switches_off,0.000000,0,0.000000,0
621,2026-09-10T07:15:53.671926+00:00,62.100131,baseline_switches_off,0.000000,0,0.000000,0
622,2026-09-10T07:15:53.771949+00:00,62.200130,baseline_switches_off,0.000000,0,0.000000,0
623,2026-09-10T07:15:53.872005+00:00,62.300129,baseline_switches_off,0.000000,0,0.000000,0
624,2026-09-10T07:15:53.971973+00:00,62.400154,baseline_switches_off,0.000000,0,0.000000,0
625,2026-09-10T07:15:54.071938+00:00,62.500137,baseline_switches_off,0.000000,0,0.000000,0
626,2026-09-10T07:15:54.171926+00:00,62.600132,baseline_switches_off,0.000000,0,0.000000,0
627,2026-09-10T07:15:54.271947+00:00,62.700129,baseline_switches_off,0.000000,0,0.000000,0
628,2026-09-10T07:15:54.371970+00:00,62.800131,baseline_switches_off,0.000000,0,0.000000,0
629,2026-09-10T07:15:54.471926+00:00,62.900130,baseline_switches_off,0.000000,0,0.000000,0
630,2026-09-10T07:15:54.571941+00:00,63.000133,baseline_switches_off,0.000000,0,0.000000,0
631,2026-09-10T07:15:54.671949+00:00,63.100130,baseline_switches_off,0.000000,0,0.000000,0
632,2026-09-10T07:15:54.771953+00:00,63.200134,baseline_switches_off,0.000000,0,0.000000,0
633,2026-09-10T07:15:54.871971+00:00,63.300169,baseline_switches_off,0.000000,0,0.000000,0
634,2026-09-10T07:15:54.971923+00:00,63.400126,baseline_switches_off,0.000000,0,0.000000,0
635,2026-09-10T07:15:55.071931+00:00,63.500130,baseline_switches_off,0.000000,0,0.000000,0
636,2026-09-10T07:15:55.171945+00:00,63.600129,baseline_switches_off,0.000000,0,0.000000,0
637,2026-09-10T07:15:55.271929+00:00,63.700131,baseline_switches_off,0.000000,0,0.000000,0
638,2026-09-10T07:15:55.371949+00:00,63.800132,baseline_switches_off,0.000000,0,0.000000,0
639,2026-09-10T07:15:55.471923+00:00,63.900127,baseline_switches_off,0.000000,0,0.000000,0
640,2026-09-10T07:15:55.571929+00:00,64.000131,baseline_switches_off,0.000000,0,0.000000,0
641,2026-09-10T07:15:55.671949+00:00,64.100132,baseline_switches_off,0.000000,0,0.000000,0
642,2026-09-10T07:15:55.771973+00:00,64.200132,baseline_switches_off,0.000000,0,0.000000,0
643,2026-09-10T07:15:55.871924+00:00,64.300129,baseline_switches_off,0.000000,0,0.000000,0
644,2026-09-10T07:15:55.971925+00:00,64.400128,baseline_switches_off,0.000000,0,0.000000,0
645,2026-09-10T07:15:56.071927+00:00,64.500131,baseline_switches_off,0.000000,0,0.000000,0
646,2026-09-10T07:15:56.171925+00:00,64.600130,baseline_switches_off,0.000000,0,0.000000,0
647,2026-09-10T07:15:56.271926+00:00,64.700128,baseline_switches_off,0.000000,0,0.000000,0
648,2026-09-10T07:15:56.371932+00:00,64.800128,baseline_switches_off,0.000000,0,0.000000,0
649,2026-09-10T07:15:56.471983+00:00,64.900148,baseline_switches_off,0.000000,0,0.000000,0
650,2026-09-10T07:15:56.571939+00:00,65.000135,baseline_switches_off,0.000000,0,0.000000,0
651,2026-09-10T07:15:56.671945+00:00,65.100134,baseline_switches_off,0.000000,0,0.000000,0
652,2026-09-10T07:15:56.771949+00:00,65.200134,baseline_switches_off,0.000000,0,0.000000,0
653,2026-09-10T07:15:56.871948+00:00,65.300150,baseline_switches_off,0.000000,0,0.000000,0
654,2026-09-10T07:15:56.971926+00:00,65.400128,baseline_switches_off,0.000000,0,0.000000,0
655,2026-09-10T07:15:57.071948+00:00,65.500130,baseline_switches_off,0.000000,0,0.000000,0
656,2026-09-10T07:15:57.171936+00:00,65.600133,baseline_switches_off,0.000000,0,0.000000,0
657,2026-09-10T07:15:57.271924+00:00,65.700130,baseline_switches_off,0.000000,0,0.000000,0
658,2026-09-10T07:15:57.371931+00:00,65.800130,baseline_switches_off,0.000000,0,0.000000,0
659,2026-09-10T07:15:57.472200+00:00,65.900194,baseline_switches_off,0.000000,0,0.000000,0
660,2026-09-10T07:15:57.572056+00:00,66.000169,baseline_switches_off,0.000000,0,0.000000,0
661,2026-09-10T07:15:57.671979+00:00,66.100147,baseline_switches_off,0.000000,0,0.000000,0
662,2026-09-10T07:15:57.771935+00:00,66.200134,baseline_switches_off,0.000000,0,0.000000,0
663,2026-09-10T07:15:57.871929+00:00,66.300130,baseline_switches_off,0.000000,0,0.000000,0
664,2026-09-10T07:15:57.971942+00:00,66.400130,baseline_switches_off,0.000000,0,0.000000,0
665,2026-09-10T07:15:58.071960+00:00,66.500139,baseline_switches_off,0.000000,0,0.000000,0
666,2026-09-10T07:15:58.172164+00:00,66.600188,baseline_switches_off,0.000000,0,0.000000,0
667,2026-09-10T07:15:58.271985+00:00,66.700149,baseline_switches_off,0.000000,0,0.000000,0
668,2026-09-10T07:15:58.371985+00:00,66.800147,baseline_switches_off,0.000000,0,0.000000,0
669,2026-09-10T07:15:58.472029+00:00,66.900149,baseline_switches_off,0.000000,0,0.000000,0
670,2026-09-10T07:15:58.571937+00:00,67.000136,baseline_switches_off,0.000000,0,0.000000,0
671,2026-09-10T07:15:58.671960+00:00,67.100137,baseline_switches_off,0.000000,0,0.000000,0
672,2026-09-10T07:15:58.771937+00:00,67.200134,baseline_switches_off,0.000000,0,0.000000,0
673,2026-09-10T07:15:58.871951+00:00,67.300148,baseline_switches_off,0.000000,0,0.000000,0
674,2026-09-10T07:15:58.971971+00:00,67.400170,baseline_switches_off,0.000000,0,0.000000,0
675,2026-09-10T07:15:59.071979+00:00,67.500174,baseline_switches_off,0.000000,0,0.000000,0
676,2026-09-10T07:15:59.171930+00:00,67.600133,baseline_switches_off,0.000000,0,0.000000,0
677,2026-09-10T07:15:59.271944+00:00,67.700130,baseline_switches_off,0.000000,0,0.000000,0
678,2026-09-10T07:15:59.371922+00:00,67.800131,baseline_switches_off,0.000000,0,0.000000,0
679,2026-09-10T07:15:59.471931+00:00,67.900131,baseline_switches_off,0.000000,0,0.000000,0
680,2026-09-10T07:15:59.571921+00:00,68.000128,baseline_switches_off,0.000000,0,0.000000,0
681,2026-09-10T07:15:59.671939+00:00,68.100130,baseline_switches_off,0.000000,0,0.000000,0
682,2026-09-10T07:15:59.771946+00:00,68.200132,baseline_switches_off,0.000000,0,0.000000,0
683,2026-09-10T07:15:59.872247+00:00,68.300132,baseline_switches_off,0.000000,0,0.000000,0
684,2026-09-10T07:15:59.972038+00:00,68.400160,baseline_switches_off,0.000000,0,0.000000,0
685,2026-09-10T07:16:00.071929+00:00,68.500136,baseline_switches_off,0.000000,0,0.000000,0
686,2026-09-10T07:16:00.171939+00:00,68.600131,baseline_switches_off,0.000000,0,0.000000,0
687,2026-09-10T07:16:00.271948+00:00,68.700130,baseline_switches_off,0.000000,0,0.000000,0
688,2026-09-10T07:16:00.371963+00:00,68.800129,baseline_switches_off,0.000000,0,0.000000,0
689,2026-09-10T07:16:00.472010+00:00,68.900147,baseline_switches_off,0.000000,0,0.000000,0
690,2026-09-10T07:16:00.571932+00:00,69.000134,baseline_switches_off,0.000000,0,0.000000,0
691,2026-09-10T07:16:00.671927+00:00,69.100130,baseline_switches_off,0.000000,0,0.000000,0
692,2026-09-10T07:16:00.771939+00:00,69.200131,baseline_switches_off,0.000000,0,0.000000,0
693,2026-09-10T07:16:00.871953+00:00,69.300131,baseline_switches_off,0.000000,0,0.000000,0
694,2026-09-10T07:16:00.971930+00:00,69.400130,baseline_switches_off,0.000000,0,0.000000,0
695,2026-09-10T07:16:01.071963+00:00,69.500169,baseline_switches_off,0.000000,0,0.000000,0
696,2026-09-10T07:16:01.171971+00:00,69.600130,baseline_switches_off,0.000000,0,0.000000,0
697,2026-09-10T07:16:01.271923+00:00,69.700128,baseline_switches_off,0.000000,0,0.000000,0
698,2026-09-10T07:16:01.371963+00:00,69.800140,baseline_switches_off,0.000000,0,0.000000,0
699,2026-09-10T07:16:01.471933+00:00,69.900132,baseline_switches_off,0.000000,0,0.000000,0
700,2026-09-10T07:16:01.571935+00:00,70.000132,baseline_switches_off,0.000000,0,0.000000,0
701,2026-09-10T07:16:01.671947+00:00,70.100129,baseline_switches_off,0.000000,0,0.000000,0
702,2026-09-10T07:16:01.771946+00:00,70.200130,baseline_switches_off,0.000000,0,0.000000,0
703,2026-09-10T07:16:01.871923+00:00,70.300128,baseline_switches_off,0.000000,0,0.000000,0
704,2026-09-10T07:16:01.971920+00:00,70.400129,baseline_switches_off,0.000000,0,0.000000,0
705,2026-09-10T07:16:02.071923+00:00,70.500131,baseline_switches_off,0.000000,0,0.000000,0
706,2026-09-10T07:16:02.171924+00:00,70.600127,baseline_switches_off,0.000000,0,0.000000,0
707,2026-09-10T07:16:02.271915+00:00,70.700129,baseline_switches_off,0.000000,0,0.000000,0
708,2026-09-10T07:16:02.371918+00:00,70.800128,baseline_switches_off,0.000000,0,0.000000,0
709,2026-09-10T07:16:02.471956+00:00,70.900134,baseline_switches_off,0.000000,0,0.000000,0
710,2026-09-10T07:16:02.571925+00:00,71.000130,baseline_switches_off,0.000000,0,0.000000,0
711,2026-09-10T07:16:02.672090+00:00,71.100159,baseline_switches_off,0.000000,0,0.000000,0
712,2026-09-10T07:16:02.771956+00:00,71.200143,baseline_switches_off,0.000000,0,0.000000,0
713,2026-09-10T07:16:02.871946+00:00,71.300135,baseline_switches_off,0.000000,0,0.000000,0
714,2026-09-10T07:16:02.971940+00:00,71.400133,baseline_switches_off,0.000000,0,0.000000,0
715,2026-09-10T07:16:03.071952+00:00,71.500144,baseline_switches_off,0.000000,0,0.000000,0
716,2026-09-10T07:16:03.171925+00:00,71.600129,baseline_switches_off,0.000000,0,0.000000,0
717,2026-09-10T07:16:03.271932+00:00,71.700130,baseline_switches_off,0.000000,0,0.000000,0
718,2026-09-10T07:16:03.371924+00:00,71.800127,baseline_switches_off,0.000000,0,0.000000,0
719,2026-09-10T07:16:03.472215+00:00,71.900196,baseline_switches_off,0.000000,0,0.000000,0
720,2026-09-10T07:16:03.571996+00:00,72.000147,baseline_switches_off,0.000000,0,0.000000,0
721,2026-09-10T07:16:03.671930+00:00,72.100131,baseline_switches_off,0.000000,0,0.000000,0
722,2026-09-10T07:16:03.771939+00:00,72.200127,baseline_switches_off,0.000000,0,0.000000,0
723,2026-09-10T07:16:03.871925+00:00,72.300130,baseline_switches_off,0.000000,0,0.000000,0
724,2026-09-10T07:16:03.971930+00:00,72.400129,baseline_switches_off,0.000000,0,0.000000,0
725,2026-09-10T07:16:04.071926+00:00,72.500131,baseline_switches_off,0.000000,0,0.000000,0
726,2026-09-10T07:16:04.172184+00:00,72.600192,baseline_switches_off,0.000000,0,0.000000,0
727,2026-09-10T07:16:04.272053+00:00,72.700161,baseline_switches_off,0.000000,0,0.000000,0
728,2026-09-10T07:16:04.371979+00:00,72.800140,baseline_switches_off,0.000000,0,0.000000,0
729,2026-09-10T07:16:04.472058+00:00,72.900154,baseline_switches_off,0.000000,0,0.000000,0
730,2026-09-10T07:16:04.571941+00:00,73.000138,baseline_switches_off,0.000000,0,0.000000,0
731,2026-09-10T07:16:04.671933+00:00,73.100133,baseline_switches_off,0.000000,0,0.000000,0
732,2026-09-10T07:16:04.771933+00:00,73.200132,baseline_switches_off,0.000000,0,0.000000,0
733,2026-09-10T07:16:04.871949+00:00,73.300135,baseline_switches_off,0.000000,0,0.000000,0
734,2026-09-10T07:16:04.971944+00:00,73.400144,baseline_switches_off,0.000000,0,0.000000,0
735,2026-09-10T07:16:05.071963+00:00,73.500169,baseline_switches_off,0.000000,0,0.000000,0
736,2026-09-10T07:16:05.171967+00:00,73.600168,baseline_switches_off,0.000000,0,0.000000,0
737,2026-09-10T07:16:05.271970+00:00,73.700130,baseline_switches_off,0.000000,0,0.000000,0
738,2026-09-10T07:16:05.371927+00:00,73.800129,baseline_switches_off,0.000000,0,0.000000,0
739,2026-09-10T07:16:05.471924+00:00,73.900128,baseline_switches_off,0.000000,0,0.000000,0
740,2026-09-10T07:16:05.571926+00:00,74.000128,baseline_switches_off,0.000000,0,0.000000,0
741,2026-09-10T07:16:05.671946+00:00,74.100131,baseline_switches_off,0.000000,0,0.000000,0
742,2026-09-10T07:16:05.771963+00:00,74.200129,baseline_switches_off,0.000000,0,0.000000,0
743,2026-09-10T07:16:05.871953+00:00,74.300133,baseline_switches_off,0.000000,0,0.000000,0
744,2026-09-10T07:16:05.971920+00:00,74.400130,baseline_switches_off,0.000000,0,0.000000,0
745,2026-09-10T07:16:06.071931+00:00,74.500131,baseline_switches_off,0.000000,0,0.000000,0
746,2026-09-10T07:16:06.171925+00:00,74.600129,baseline_switches_off,0.000000,0,0.000000,0
747,2026-09-10T07:16:06.271943+00:00,74.700127,baseline_switches_off,0.000000,0,0.000000,0
748,2026-09-10T07:16:06.371964+00:00,74.800128,baseline_switches_off,0.000000,0,0.000000,0
749,2026-09-10T07:16:06.471941+00:00,74.900130,baseline_switches_off,0.000000,0,0.000000,0
750,2026-09-10T07:16:06.571949+00:00,75.000132,baseline_switches_off,0.000000,0,0.000000,0
751,2026-09-10T07:16:06.671920+00:00,75.100129,baseline_switches_off,0.000000,0,0.000000,0
752,2026-09-10T07:16:06.771928+00:00,75.200128,baseline_switches_off,0.000000,0,0.000000,0
753,2026-09-10T07:16:06.871955+00:00,75.300134,baseline_switches_off,0.000000,0,0.000000,0
754,2026-09-10T07:16:06.971946+00:00,75.400144,baseline_switches_off,0.000000,0,0.000000,0
755,2026-09-10T07:16:07.071972+00:00,75.500168,baseline_switches_off,0.000000,0,0.000000,0
756,2026-09-10T07:16:07.171984+00:00,75.600172,baseline_switches_off,0.000000,0,0.000000,0
757,2026-09-10T07:16:07.271930+00:00,75.700127,baseline_switches_off,0.000000,0,0.000000,0
758,2026-09-10T07:16:07.371932+00:00,75.800129,baseline_switches_off,0.000000,0,0.000000,0
759,2026-09-10T07:16:07.471924+00:00,75.900129,baseline_switches_off,0.000000,0,0.000000,0
760,2026-09-10T07:16:07.571944+00:00,76.000128,baseline_switches_off,0.000000,0,0.000000,0
761,2026-09-10T07:16:07.671954+00:00,76.100132,baseline_switches_off,0.000000,0,0.000000,0
762,2026-09-10T07:16:07.772044+00:00,76.200157,baseline_switches_off,0.000000,0,0.000000,0
763,2026-09-10T07:16:07.871959+00:00,76.300141,baseline_switches_off,0.000000,0,0.000000,0
764,2026-09-10T07:16:07.971957+00:00,76.400133,baseline_switches_off,0.000000,0,0.000000,0
765,2026-09-10T07:16:08.071927+00:00,76.500131,baseline_switches_off,0.000000,0,0.000000,0
766,2026-09-10T07:16:08.171936+00:00,76.600132,baseline_switches_off,0.000000,0,0.000000,0
767,2026-09-10T07:16:08.271971+00:00,76.700140,baseline_switches_off,0.000000,0,0.000000,0
768,2026-09-10T07:16:08.371940+00:00,76.800135,baseline_switches_off,0.000000,0,0.000000,0
769,2026-09-10T07:16:08.471975+00:00,76.900143,baseline_switches_off,0.000000,0,0.000000,0
770,2026-09-10T07:16:08.571938+00:00,77.000135,baseline_switches_off,0.000000,0,0.000000,0
771,2026-09-10T07:16:08.671960+00:00,77.100133,baseline_switches_off,0.000000,0,0.000000,0
772,2026-09-10T07:16:08.771940+00:00,77.200131,baseline_switches_off,0.000000,0,0.000000,0
773,2026-09-10T07:16:08.871964+00:00,77.300133,baseline_switches_off,0.000000,0,0.000000,0
774,2026-09-10T07:16:08.971979+00:00,77.400134,baseline_switches_off,0.000000,0,0.000000,0
775,2026-09-10T07:16:09.071929+00:00,77.500132,baseline_switches_off,0.000000,0,0.000000,0
776,2026-09-10T07:16:09.171930+00:00,77.600132,baseline_switches_off,0.000000,0,0.000000,0
777,2026-09-10T07:16:09.272030+00:00,77.700154,baseline_switches_off,0.000000,0,0.000000,0
778,2026-09-10T07:16:09.371965+00:00,77.800142,baseline_switches_off,0.000000,0,0.000000,0
779,2026-09-10T07:16:09.472206+00:00,77.900197,baseline_switches_off,0.000000,0,0.000000,0
780,2026-09-10T07:16:09.571956+00:00,78.000146,baseline_switches_off,0.000000,0,0.000000,0
781,2026-09-10T07:16:09.671941+00:00,78.100133,baseline_switches_off,0.000000,0,0.000000,0
782,2026-09-10T07:16:09.771948+00:00,78.200144,baseline_switches_off,0.000000,0,0.000000,0
783,2026-09-10T07:16:09.871976+00:00,78.300127,baseline_switches_off,0.000000,0,0.000000,0
784,2026-09-10T07:16:09.971943+00:00,78.400135,baseline_switches_off,0.000000,0,0.000000,0
785,2026-09-10T07:16:10.071930+00:00,78.500132,baseline_switches_off,0.000000,0,0.000000,0
786,2026-09-10T07:16:10.171931+00:00,78.600130,baseline_switches_off,0.000000,0,0.000000,0
787,2026-09-10T07:16:10.272220+00:00,78.700209,baseline_switches_off,0.000000,0,0.000000,0
788,2026-09-10T07:16:10.372015+00:00,78.800151,baseline_switches_off,0.000000,0,0.000000,0
789,2026-09-10T07:16:10.471985+00:00,78.900145,baseline_switches_off,0.000000,0,0.000000,0
790,2026-09-10T07:16:10.571948+00:00,79.000143,baseline_switches_off,0.000000,0,0.000000,0
791,2026-09-10T07:16:10.671971+00:00,79.100143,baseline_switches_off,0.000000,0,0.000000,0
792,2026-09-10T07:16:10.771930+00:00,79.200134,baseline_switches_off,0.000000,0,0.000000,0
793,2026-09-10T07:16:10.871926+00:00,79.300130,baseline_switches_off,0.000000,0,0.000000,0
794,2026-09-10T07:16:10.971955+00:00,79.400135,baseline_switches_off,0.000000,0,0.000000,0
795,2026-09-10T07:16:11.071968+00:00,79.500133,baseline_switches_off,0.000000,0,0.000000,0
796,2026-09-10T07:16:11.171967+00:00,79.600130,baseline_switches_off,0.000000,0,0.000000,0
797,2026-09-10T07:16:11.271918+00:00,79.700129,baseline_switches_off,0.000000,0,0.000000,0
798,2026-09-10T07:16:11.371930+00:00,79.800133,baseline_switches_off,0.000000,0,0.000000,0
799,2026-09-10T07:16:11.471947+00:00,79.900146,baseline_switches_off,0.000000,0,0.000000,0
800,2026-09-10T07:16:11.571921+00:00,80.000129,baseline_switches_off,0.000000,0,0.000000,0
801,2026-09-10T07:16:11.671926+00:00,80.100129,baseline_switches_off,0.000000,0,0.000000,0
802,2026-09-10T07:16:11.771943+00:00,80.200129,baseline_switches_off,0.000000,0,0.000000,0
803,2026-09-10T07:16:11.871923+00:00,80.300129,baseline_switches_off,0.000000,0,0.000000,0
804,2026-09-10T07:16:11.971937+00:00,80.400131,baseline_switches_off,0.000000,0,0.000000,0
805,2026-09-10T07:16:12.071946+00:00,80.500133,baseline_switches_off,0.000000,0,0.000000,0
806,2026-09-10T07:16:12.171923+00:00,80.600129,baseline_switches_off,0.000000,0,0.000000,0
807,2026-09-10T07:16:12.271940+00:00,80.700135,baseline_switches_off,0.000000,0,0.000000,0
808,2026-09-10T07:16:12.371927+00:00,80.800133,baseline_switches_off,0.000000,0,0.000000,0
809,2026-09-10T07:16:12.471998+00:00,80.900146,baseline_switches_off,0.000000,0,0.000000,0
810,2026-09-10T07:16:12.571973+00:00,81.000135,baseline_switches_off,0.000000,0,0.000000,0
811,2026-09-10T07:16:12.671957+00:00,81.100130,baseline_switches_off,0.000000,0,0.000000,0
812,2026-09-10T07:16:12.771946+00:00,81.200131,baseline_switches_off,0.000000,0,0.000000,0
813,2026-09-10T07:16:12.872064+00:00,81.300164,baseline_switches_off,0.000000,0,0.000000,0
814,2026-09-10T07:16:12.971948+00:00,81.400144,baseline_switches_off,0.000000,0,0.000000,0
815,2026-09-10T07:16:13.071941+00:00,81.500137,baseline_switches_off,0.000000,0,0.000000,0
816,2026-09-10T07:16:13.171934+00:00,81.600128,baseline_switches_off,0.000000,0,0.000000,0
817,2026-09-10T07:16:13.271947+00:00,81.700144,baseline_switches_off,0.000000,0,0.000000,0
818,2026-09-10T07:16:13.371973+00:00,81.800168,baseline_switches_off,0.000000,0,0.000000,0
819,2026-09-10T07:16:13.471975+00:00,81.900169,baseline_switches_off,0.000000,0,0.000000,0
820,2026-09-10T07:16:13.571981+00:00,82.000172,baseline_switches_off,0.000000,0,0.000000,0
821,2026-09-10T07:16:13.671926+00:00,82.100127,baseline_switches_off,0.000000,0,0.000000,0
822,2026-09-10T07:16:13.771936+00:00,82.200130,baseline_switches_off,0.000000,0,0.000000,0
823,2026-09-10T07:16:13.871934+00:00,82.300132,baseline_switches_off,0.000000,0,0.000000,0
824,2026-09-10T07:16:13.971953+00:00,82.400130,baseline_switches_off,0.000000,0,0.000000,0
825,2026-09-10T07:16:14.071974+00:00,82.500129,baseline_switches_off,0.000000,0,0.000000,0
826,2026-09-10T07:16:14.171932+00:00,82.600130,baseline_switches_off,0.000000,0,0.000000,0
827,2026-09-10T07:16:14.271920+00:00,82.700129,baseline_switches_off,0.000000,0,0.000000,0
828,2026-09-10T07:16:14.371933+00:00,82.800128,baseline_switches_off,0.000000,0,0.000000,0
829,2026-09-10T07:16:14.471936+00:00,82.900132,baseline_switches_off,0.000000,0,0.000000,0
830,2026-09-10T07:16:14.571931+00:00,83.000133,baseline_switches_off,0.000000,0,0.000000,0
831,2026-09-10T07:16:14.671919+00:00,83.100128,baseline_switches_off,0.000000,0,0.000000,0
832,2026-09-10T07:16:14.771950+00:00,83.200127,baseline_switches_off,0.000000,0,0.000000,0
833,2026-09-10T07:16:14.871971+00:00,83.300130,baseline_switches_off,0.006000,48,0.000000,0
834,2026-09-10T07:16:14.971963+00:00,83.400131,baseline_switches_off,0.450000,3600,0.000000,0
835,2026-09-10T07:16:15.071962+00:00,83.500134,baseline_switches_off,0.478000,3824,0.000000,0
836,2026-09-10T07:16:15.171929+00:00,83.600130,baseline_switches_off,0.548000,4384,0.000000,0
837,2026-09-10T07:16:15.271926+00:00,83.700128,baseline_switches_off,0.720000,5760,0.000000,0
838,2026-09-10T07:16:15.371914+00:00,83.800128,baseline_switches_off,0.938000,7504,0.000000,0
839,2026-09-10T07:16:15.472232+00:00,83.900197,baseline_switches_off,1.000000,8000,0.000000,0
840,2026-09-10T07:16:15.571956+00:00,84.000148,baseline_switches_off,1.054000,8432,0.000000,0
841,2026-09-10T07:16:15.671979+00:00,84.100177,baseline_switches_off,1.100000,8800,0.000000,0
842,2026-09-10T07:16:15.771948+00:00,84.200124,baseline_switches_off,1.196000,9568,0.000000,0
843,2026-09-10T07:16:15.871933+00:00,84.300133,baseline_switches_off,1.546000,12368,0.000000,0
844,2026-09-10T07:16:15.971924+00:00,84.400129,baseline_switches_off,1.880000,15040,0.000000,0
845,2026-09-10T07:16:16.071943+00:00,84.500131,baseline_switches_off,2.026000,16208,0.000000,0
846,2026-09-10T07:16:16.172049+00:00,84.600129,baseline_switches_off,2.046000,16368,0.000000,0
847,2026-09-10T07:16:16.272044+00:00,84.700167,baseline_switches_off,2.044000,16352,0.000000,0
848,2026-09-10T07:16:16.371999+00:00,84.800155,baseline_switches_off,2.042000,16336,0.000000,0
849,2026-09-10T07:16:16.472003+00:00,84.900147,baseline_switches_off,2.042000,16336,0.000000,0
850,2026-09-10T07:16:16.571945+00:00,85.000139,baseline_switches_off,2.042000,16336,0.000000,0
851,2026-09-10T07:16:16.671974+00:00,85.100135,baseline_switches_off,2.042000,16336,0.000000,0
852,2026-09-10T07:16:16.771969+00:00,85.200132,baseline_switches_off,2.042000,16336,0.000000,0
853,2026-09-10T07:16:16.871972+00:00,85.300131,baseline_switches_off,2.042000,16336,0.000000,0
854,2026-09-10T07:16:16.971959+00:00,85.400132,baseline_switches_off,2.042000,16336,0.000000,0
855,2026-09-10T07:16:17.071933+00:00,85.500131,baseline_switches_off,2.040000,16320,0.000000,0
856,2026-09-10T07:16:17.171919+00:00,85.600131,baseline_switches_off,2.034000,16272,0.000000,0
857,2026-09-10T07:16:17.271922+00:00,85.700130,baseline_switches_off,2.032000,16256,0.000000,0
858,2026-09-10T07:16:17.371945+00:00,85.800131,baseline_switches_off,2.028000,16224,0.000000,0
859,2026-09-10T07:16:17.471932+00:00,85.900132,baseline_switches_off,2.012000,16096,0.000000,0
860,2026-09-10T07:16:17.571939+00:00,86.000132,baseline_switches_off,1.996000,15968,0.000000,0
861,2026-09-10T07:16:17.671974+00:00,86.100173,baseline_switches_off,1.994000,15952,0.000000,0
862,2026-09-10T07:16:17.771976+00:00,86.200170,baseline_switches_off,1.990000,15920,0.000000,0
863,2026-09-10T07:16:17.871948+00:00,86.300144,baseline_switches_off,1.972000,15776,0.000000,0
864,2026-09-10T07:16:17.972076+00:00,86.400199,baseline_switches_off,1.972000,15776,0.000000,0
865,2026-09-10T07:16:18.071998+00:00,86.500183,baseline_switches_off,1.972000,15776,0.000000,0
866,2026-09-10T07:16:18.171939+00:00,86.600133,baseline_switches_off,1.972000,15776,0.000000,0
867,2026-09-10T07:16:18.271919+00:00,86.700130,baseline_switches_off,1.972000,15776,0.000000,0
868,2026-09-10T07:16:18.371927+00:00,86.800128,baseline_switches_off,1.972000,15776,0.000000,0
869,2026-09-10T07:16:18.472009+00:00,86.900141,baseline_switches_off,1.974000,15792,0.000000,0
870,2026-09-10T07:16:18.571949+00:00,87.000138,baseline_switches_off,1.972000,15776,0.000000,0
871,2026-09-10T07:16:18.671929+00:00,87.100130,baseline_switches_off,1.972000,15776,0.000000,0
872,2026-09-10T07:16:18.771923+00:00,87.200129,baseline_switches_off,1.972000,15776,0.000000,0
873,2026-09-10T07:16:18.871954+00:00,87.300130,baseline_switches_off,1.972000,15776,0.000000,0
874,2026-09-10T07:16:18.971964+00:00,87.400132,baseline_switches_off,1.974000,15792,0.000000,0
875,2026-09-10T07:16:19.071967+00:00,87.500128,baseline_switches_off,1.974000,15792,0.000000,0
876,2026-09-10T07:16:19.171964+00:00,87.600134,baseline_switches_off,1.974000,15792,0.000000,0
877,2026-09-10T07:16:19.271935+00:00,87.700135,baseline_switches_off,1.974000,15792,0.000000,0
878,2026-09-10T07:16:19.371937+00:00,87.800131,baseline_switches_off,1.972000,15776,0.000000,0
879,2026-09-10T07:16:19.471942+00:00,87.900135,baseline_switches_off,1.974000,15792,0.000000,0
880,2026-09-10T07:16:19.571951+00:00,88.000133,baseline_switches_off,1.972000,15776,0.000000,0
881,2026-09-10T07:16:19.671938+00:00,88.100130,baseline_switches_off,1.974000,15792,0.000000,0
882,2026-09-10T07:16:19.771982+00:00,88.200170,baseline_switches_off,1.974000,15792,0.000000,0
883,2026-09-10T07:16:19.871932+00:00,88.300128,baseline_switches_off,1.972000,15776,0.000000,0
884,2026-09-10T07:16:19.971935+00:00,88.400130,baseline_switches_off,1.924000,15392,0.000000,0
885,2026-09-10T07:16:20.071932+00:00,88.500131,baseline_switches_off,1.864000,14912,0.000000,0
886,2026-09-10T07:16:20.171942+00:00,88.600133,baseline_switches_off,1.836000,14688,0.000000,0
887,2026-09-10T07:16:20.271954+00:00,88.700127,baseline_switches_off,1.834000,14672,0.000000,0
888,2026-09-10T07:16:20.371933+00:00,88.800131,baseline_switches_off,1.836000,14688,0.000000,0
889,2026-09-10T07:16:20.471961+00:00,88.900138,baseline_switches_off,1.836000,14688,0.000000,0
890,2026-09-10T07:16:20.571937+00:00,89.000133,baseline_switches_off,1.836000,14688,0.000000,0
891,2026-09-10T07:16:20.671931+00:00,89.100130,baseline_switches_off,1.836000,14688,0.000000,0
892,2026-09-10T07:16:20.771930+00:00,89.200129,baseline_switches_off,1.836000,14688,0.000000,0
893,2026-09-10T07:16:20.871940+00:00,89.300130,baseline_switches_off,1.836000,14688,0.000000,0
894,2026-09-10T07:16:20.971952+00:00,89.400132,baseline_switches_off,1.836000,14688,0.000000,0
895,2026-09-10T07:16:21.071928+00:00,89.500133,baseline_switches_off,1.836000,14688,0.000000,0
896,2026-09-10T07:16:21.171943+00:00,89.600130,baseline_switches_off,1.836000,14688,0.000000,0
897,2026-09-10T07:16:21.271932+00:00,89.700132,baseline_switches_off,1.836000,14688,0.000000,0
898,2026-09-10T07:16:21.371926+00:00,89.800127,baseline_switches_off,1.836000,14688,0.000000,0
899,2026-09-10T07:16:21.472204+00:00,89.900205,baseline_switches_off,1.836000,14688,0.000000,0
900,2026-09-10T07:16:21.571978+00:00,90.000165,baseline_switches_off,1.836000,14688,0.000000,0
901,2026-09-10T07:16:21.671939+00:00,90.100132,baseline_switches_off,1.836000,14688,0.000000,0
902,2026-09-10T07:16:21.771937+00:00,90.200130,baseline_switches_off,1.836000,14688,0.000000,0
903,2026-09-10T07:16:21.871947+00:00,90.300129,baseline_switches_off,1.836000,14688,0.000000,0
904,2026-09-10T07:16:21.971951+00:00,90.400131,baseline_switches_off,1.836000,14688,0.000000,0
905,2026-09-10T07:16:22.071934+00:00,90.500132,baseline_switches_off,1.834000,14672,0.000000,0
906,2026-09-10T07:16:22.172160+00:00,90.600185,baseline_switches_off,1.838000,14704,0.000000,0
907,2026-09-10T07:16:22.271979+00:00,90.700150,baseline_switches_off,1.868000,14944,0.000000,0
908,2026-09-10T07:16:22.372022+00:00,90.800145,baseline_switches_off,1.920000,15360,0.000000,0
909,2026-09-10T07:16:22.471972+00:00,90.900145,baseline_switches_off,2.030000,16240,0.000000,0
910,2026-09-10T07:16:22.571939+00:00,91.000135,baseline_switches_off,2.156000,17248,0.000000,0
911,2026-09-10T07:16:22.671929+00:00,91.100131,baseline_switches_off,2.254000,18032,0.000000,0
912,2026-09-10T07:16:22.771953+00:00,91.200131,baseline_switches_off,2.364000,18912,0.000000,0
913,2026-09-10T07:16:22.871969+00:00,91.300130,baseline_switches_off,2.458000,19664,0.000000,0
914,2026-09-10T07:16:22.971945+00:00,91.400125,baseline_switches_off,2.516000,20128,0.000000,0
915,2026-09-10T07:16:23.072086+00:00,91.500164,baseline_switches_off,2.582000,20656,0.000000,0
916,2026-09-10T07:16:23.171941+00:00,91.600140,baseline_switches_off,2.656000,21248,0.000000,0
917,2026-09-10T07:16:23.271943+00:00,91.700136,baseline_switches_off,2.736000,21888,0.000000,0
918,2026-09-10T07:16:23.371960+00:00,91.800135,baseline_switches_off,2.812000,22496,0.000000,0
919,2026-09-10T07:16:23.471943+00:00,91.900135,baseline_switches_off,2.892000,23136,0.000000,0
920,2026-09-10T07:16:23.571971+00:00,92.000171,baseline_switches_off,2.954000,23632,0.000000,0
921,2026-09-10T07:16:23.671924+00:00,92.100128,baseline_switches_off,3.042000,24336,0.000000,0
922,2026-09-10T07:16:23.771931+00:00,92.200131,baseline_switches_off,3.138000,25104,0.000000,0
923,2026-09-10T07:16:23.871946+00:00,92.300128,baseline_switches_off,3.244000,25952,0.000000,0
924,2026-09-10T07:16:23.971932+00:00,92.400131,baseline_switches_off,3.298000,26384,0.000000,0
925,2026-09-10T07:16:24.071947+00:00,92.500132,baseline_switches_off,3.298000,26384,0.000000,0
926,2026-09-10T07:16:24.171961+00:00,92.600131,baseline_switches_off,3.298000,26384,0.000000,0
927,2026-09-10T07:16:24.271959+00:00,92.700135,baseline_switches_off,3.298000,26384,0.000000,0
928,2026-09-10T07:16:24.371932+00:00,92.800132,baseline_switches_off,3.298000,26384,0.000000,0
929,2026-09-10T07:16:24.471967+00:00,92.900140,baseline_switches_off,3.300000,26400,0.000000,0
930,2026-09-10T07:16:24.571925+00:00,93.000131,baseline_switches_off,3.298000,26384,0.000000,0
931,2026-09-10T07:16:24.672084+00:00,93.100176,baseline_switches_off,3.300000,26400,0.000000,0
932,2026-09-10T07:16:24.771969+00:00,93.200145,baseline_switches_off,3.298000,26384,0.000000,0
933,2026-09-10T07:16:24.871975+00:00,93.300134,baseline_switches_off,2.942000,23536,0.000000,0
934,2026-09-10T07:16:24.971940+00:00,93.400134,baseline_switches_off,2.514000,20112,0.000000,0
935,2026-09-10T07:16:25.071960+00:00,93.500135,baseline_switches_off,2.202000,17616,0.000000,0
936,2026-09-10T07:16:25.171937+00:00,93.600133,baseline_switches_off,1.842000,14736,0.000000,0
937,2026-09-10T07:16:25.271946+00:00,93.700133,baseline_switches_off,1.566000,12528,0.000000,0
938,2026-09-10T07:16:25.371927+00:00,93.800133,baseline_switches_off,1.540000,12320,0.000000,0
939,2026-09-10T07:16:25.471927+00:00,93.900132,baseline_switches_off,1.542000,12336,0.000000,0
940,2026-09-10T07:16:25.571929+00:00,94.000130,baseline_switches_off,1.540000,12320,0.000000,0
941,2026-09-10T07:16:25.671933+00:00,94.100130,baseline_switches_off,1.540000,12320,0.000000,0
942,2026-09-10T07:16:25.771935+00:00,94.200131,baseline_switches_off,1.540000,12320,0.000000,0
943,2026-09-10T07:16:25.871922+00:00,94.300130,baseline_switches_off,1.534000,12272,0.000000,0
944,2026-09-10T07:16:25.971928+00:00,94.400129,baseline_switches_off,1.344000,10752,0.000000,0
945,2026-09-10T07:16:26.071952+00:00,94.500131,baseline_switches_off,0.970000,7760,0.000000,0
946,2026-09-10T07:16:26.171933+00:00,94.600129,baseline_switches_off,0.562000,4496,0.000000,0
947,2026-09-10T07:16:26.271929+00:00,94.700131,baseline_switches_off,0.032000,256,0.000000,0
948,2026-09-10T07:16:26.371954+00:00,94.800143,baseline_switches_off,0.000000,0,0.000000,0
949,2026-09-10T07:16:26.472210+00:00,94.900205,baseline_switches_off,0.000000,0,0.000000,0
950,2026-09-10T07:16:26.571978+00:00,95.000149,baseline_switches_off,0.000000,0,0.000000,0
951,2026-09-10T07:16:26.671936+00:00,95.100134,baseline_switches_off,0.000000,0,0.000000,0
952,2026-09-10T07:16:26.771940+00:00,95.200132,baseline_switches_off,0.000000,0,0.000000,0
953,2026-09-10T07:16:26.871930+00:00,95.300129,baseline_switches_off,0.000000,0,0.000000,0
954,2026-09-10T07:16:26.971926+00:00,95.400129,baseline_switches_off,0.000000,0,0.000000,0
955,2026-09-10T07:16:27.071949+00:00,95.500133,baseline_switches_off,0.000000,0,0.000000,0
956,2026-09-10T07:16:27.171950+00:00,95.600130,baseline_switches_off,0.000000,0,0.000000,0
957,2026-09-10T07:16:27.271971+00:00,95.700130,baseline_switches_off,0.000000,0,0.000000,0
958,2026-09-10T07:16:27.371955+00:00,95.800131,baseline_switches_off,0.000000,0,0.000000,0
959,2026-09-10T07:16:27.472209+00:00,95.900209,baseline_switches_off,0.000000,0,0.000000,0
960,2026-09-10T07:16:27.571949+00:00,96.000147,baseline_switches_off,0.000000,0,0.000000,0
961,2026-09-10T07:16:27.671956+00:00,96.100133,baseline_switches_off,0.000000,0,0.000000,0
962,2026-09-10T07:16:27.771972+00:00,96.200125,baseline_switches_off,0.000000,0,0.000000,0
963,2026-09-10T07:16:27.871960+00:00,96.300135,baseline_switches_off,0.000000,0,0.000000,0
964,2026-09-10T07:16:27.971933+00:00,96.400131,baseline_switches_off,0.000000,0,0.000000,0
965,2026-09-10T07:16:28.071933+00:00,96.500129,baseline_switches_off,0.000000,0,0.000000,0
966,2026-09-10T07:16:28.172045+00:00,96.600158,baseline_switches_off,0.000000,0,0.000000,0
967,2026-09-10T07:16:28.272212+00:00,96.700174,baseline_switches_off,0.000000,0,0.000000,0
968,2026-09-10T07:16:28.371992+00:00,96.800159,baseline_switches_off,0.000000,0,0.000000,0
969,2026-09-10T07:16:28.471979+00:00,96.900146,baseline_switches_off,0.000000,0,0.000000,0
970,2026-09-10T07:16:28.572009+00:00,97.000151,baseline_switches_off,0.000000,0,0.000000,0
971,2026-09-10T07:16:28.671968+00:00,97.100142,baseline_switches_off,0.000000,0,0.000000,0
972,2026-09-10T07:16:28.772000+00:00,97.200157,baseline_switches_off,0.000000,0,0.000000,0
973,2026-09-10T07:16:28.871989+00:00,97.300176,baseline_switches_off,0.000000,0,0.000000,0
974,2026-09-10T07:16:28.971939+00:00,97.400133,baseline_switches_off,0.000000,0,0.000000,0
975,2026-09-10T07:16:29.071938+00:00,97.500133,baseline_switches_off,0.000000,0,0.000000,0
976,2026-09-10T07:16:29.171924+00:00,97.600130,baseline_switches_off,0.000000,0,0.000000,0
977,2026-09-10T07:16:29.271947+00:00,97.700134,baseline_switches_off,0.000000,0,0.000000,0
978,2026-09-10T07:16:29.371974+00:00,97.800130,baseline_switches_off,0.000000,0,0.000000,0
979,2026-09-10T07:16:29.471925+00:00,97.900132,baseline_switches_off,0.000000,0,0.000000,0
980,2026-09-10T07:16:29.571929+00:00,98.000132,baseline_switches_off,0.000000,0,0.000000,0
981,2026-09-10T07:16:29.671915+00:00,98.100129,baseline_switches_off,0.000000,0,0.000000,0
982,2026-09-10T07:16:29.771958+00:00,98.200133,baseline_switches_off,0.000000,0,0.000000,0
983,2026-09-10T07:16:29.871969+00:00,98.300132,baseline_switches_off,0.000000,0,0.000000,0
984,2026-09-10T07:16:29.971962+00:00,98.400131,baseline_switches_off,0.000000,0,0.000000,0
985,2026-09-10T07:16:30.071923+00:00,98.500130,baseline_switches_off,0.000000,0,0.000000,0
986,2026-09-10T07:16:30.171954+00:00,98.600130,baseline_switches_off,0.000000,0,0.000000,0
987,2026-09-10T07:16:30.271928+00:00,98.700129,baseline_switches_off,0.000000,0,0.000000,0
988,2026-09-10T07:16:30.371927+00:00,98.800130,baseline_switches_off,0.000000,0,0.000000,0
989,2026-09-10T07:16:30.471940+00:00,98.900133,baseline_switches_off,0.000000,0,0.000000,0
990,2026-09-10T07:16:30.571943+00:00,99.000145,baseline_switches_off,0.000000,0,0.000000,0
991,2026-09-10T07:16:30.671962+00:00,99.100167,baseline_switches_off,0.000000,0,0.000000,0
992,2026-09-10T07:16:30.771929+00:00,99.200130,baseline_switches_off,0.000000,0,0.000000,0
993,2026-09-10T07:16:30.871953+00:00,99.300132,baseline_switches_off,0.000000,0,0.000000,0
994,2026-09-10T07:16:30.971924+00:00,99.400131,baseline_switches_off,0.000000,0,0.000000,0
995,2026-09-10T07:16:31.071937+00:00,99.500132,baseline_switches_off,0.000000,0,0.000000,0
996,2026-09-10T07:16:31.171942+00:00,99.600132,baseline_switches_off,0.000000,0,0.000000,0
997,2026-09-10T07:16:31.271949+00:00,99.700131,baseline_switches_off,0.000000,0,0.000000,0
998,2026-09-10T07:16:31.371973+00:00,99.800131,baseline_switches_off,0.000000,0,0.000000,0
999,2026-09-10T07:16:31.471958+00:00,99.900133,baseline_switches_off,0.000000,0,0.000000,0
